Workbook

Sheet cleaned data
A1: SampleID | B1: 1-butanol | C1: 1-heptanol | D1: 1-hexanol | E1: 1-nonanol | F1: 1-octen-3-ol | G1: 2,3 butane diol | H1: 2-heptanol | I1: 2-methyl-1-propanol | J1: 2-methyl-butanoic acid | K1: 2-nonanone | L1: 3,4-dimethylphenol | M1: 3-methyl thiopropanol | N1: 3-methyl-1-butanol | O1: 3-methyl-1-pentanol | P1: 3-octanol | Q1: 4-ethyl guaiacol | R1: 4-ethylphenol | S1: 4-vinylguaiacol | T1: 4-vinylphenol | U1: 5-methylfurfural | V1: acetovanillone | W1: a-ionone | X1: a-terpineol | Y1: b-cintronellol | Z1: b-damascenone | AA1: benzyl alcohol | AB1: b-ionone | AC1: butyl acetate | AD1: butyric acid | AE1: cis-3-hexen-1-ol | AF1: cis-rose-oxide | AG1: cis-whiskey lactone | AH1: decanoic acid | AI1: diacetyl | AJ1: diethyl glutarate | AK1: diethyl succinate | AL1: Ethyl 2-methyl butyrate | AM1: Ethyl 3-methyl butyrate | AN1: Ethyl Acetate | AO1: Ethyl Butyrate | AP1: ethyl cinnamate | AQ1: ethyl decanoate | AR1: ethyl heptanoate | AS1: ethyl hexanoate | AT1: ethyl isobutyrate | AU1: ethyl L-(-)-lactate | AV1: ethyl octanoate | AW1: ethyl vanillate | AX1: ethyl-2-hydroxy-4-methylpentanoate | AY1: eugenol | AZ1: furfural | BA1: furfuryl alcohol | BB1: gamma-nonalactone | BC1: Hexanoic Acid | BD1: hexyl acetate | BE1: isoamyl acetate | BF1: isoamyl lactate | BG1: isobutyl acetate | BH1: isoeugenol | BI1: limonene | BJ1: Linalool | BK1: linalool oxide | BL1: methyl nonanoate | BM1: methyl salicyclate | BN1: methyl vanillate | BO1: nerol | BP1: nerolidol | BQ1: octanoic acid | BR1: phenethyl acetate | BS1: Phenethyl alcohol | BT1: terpinen-4-ol | BU1: trans-2-hexen-1-ol | BV1: trans-2-octen-1-ol | BW1: vanillin
A2: ='raw data'!C3 -> CoBerry-1-1 | B2: ='raw data'!J3 -> 80.330783 | C2: ='raw data'!P3 -> 16.498006 | D2: ='raw data'!V3 -> 0 | E2: ='raw data'!AB3 -> 1.0663582 | F2: ='raw data'!AH3 -> 0.1995125 | G2: ='raw data'!AN3 -> 81158.332 | H2: ='raw data'!AT3 -> 4.8530104 | I2: ='raw data'!AZ3 -> 2750.7619 | J2: ='raw data'!BF3 -> 120.65137 | K2: ='raw data'!BL3 -> 0 | L2: ='raw data'!BR3 -> 0 | M2: ='raw data'!BX3 -> 0 | N2: ='raw data'!CD3 -> 4295.9958 | O2: ='raw data'!CJ3 -> 55.911331 | P2: ='raw data'!CP3 -> 0.57731571 | Q2: ='raw data'!CV3 -> 0.80288396 | R2: ='raw data'!DB3 -> 0 | S2: ='raw data'!DH3 -> 1.1191337 | T2: ='raw data'!DN3 -> 11.852753 | U2: ='raw data'!DT3 -> 1.8807312 | V2: ='raw data'!DZ3 -> 2.847898 | W2: ='raw data'!EF3 -> 0 | X2: ='raw data'!EL3 -> 3.3452245 | Y2: ='raw data'!ER3 -> 13.901689 | Z2: ='raw data'!EX3 -> 1124.1194 | AA2: ='raw data'!FD3 -> 265.28418 | AB2: ='raw data'!FJ3 -> 0.92670216 | AC2: ='raw data'!FP3 -> 0.79494369 | AD2: ='raw data'!FV3 -> 188.61833 | AE2: ='raw data'!GB3 -> 0 | AF2: ='raw data'!GH3 -> 0 | AG2: ='raw data'!GN3 -> 0 | AH2: ='raw data'!HF3 -> 0 | AI2: ='raw data'!HL3 -> 230923.11 | AJ2: ='raw data'!HR3 -> 0 | AK2: ='raw data'!HX3 -> 4.1076672 | AL2: ='raw data'!ID3 -> 1619.491 | AM2: ='raw data'!IJ3 -> 18.307917 | AN2: ='raw data'!IP3 -> 22.42976 | AO2: ='raw data'!IV3 -> 5563.1076 | AP2: ='raw data'!JB3 -> 55.401453 | AQ2: ='raw data'!JH3 -> 0.4231299 | AR2: ='raw data'!JN3 -> 14.037872 | AS2: ='raw data'!JT3 -> 1.4273572 | AT2: ='raw data'!JZ3 -> 10.207492 | AU2: ='raw data'!KF3 -> 400.3772 | AV2: ='raw data'!KL3 -> 21435.572 | AW2: ='raw data'!KR3 -> 145.37834 | AX2: ='raw data'!KX3 -> 0 | AY2: ='raw data'!LD3 -> 5441.1641 | AZ2: ='raw data'!LJ3 -> 0 | BA2: ='raw data'!LP3 -> 11.619044 | BB2: ='raw data'!LV3 -> 262.57484 | BC2: ='raw data'!MB3 -> 6.2670151 | BD2: ='raw data'!MH3 -> 366.16221 | BE2: ='raw data'!MN3 -> 1.3162683 | BF2: ='raw data'!MT3 -> 344.77386 | BG2: ='raw data'!MZ3 -> 560.56389 | BH2: ='raw data'!NF3 -> 0 | BI2: ='raw data'!NL3 -> 0 | BJ2: ='raw data'!NR3 -> 0.19432485 | BK2: ='raw data'!NX3 -> 7.4266935 | BL2: ='raw data'!OD3 -> 8.609931 | BM2: ='raw data'!OJ3 -> 0 | BN2: ='raw data'!OP3 -> 0.62681568 | BO2: ='raw data'!OV3 -> 3.2974894 | BP2: ='raw data'!PB3 -> 0.42058653 | BQ2: ='raw data'!PH3 -> 210.07853 | BR2: ='raw data'!PN3 -> 1145.3635 | BS2: ='raw data'!PT3 -> 24.40157 | BT2: ='raw data'!PZ3 -> 3927.064 | BU2: ='raw data'!QF3 -> 0.22662696 | BV2: ='raw data'!QL3 -> 40.699293 | BW2: ='raw data'!QR3 -> 0
A3: ='raw data'!C4 -> CoBerry-1-2 | B3: ='raw data'!J4 -> 63.666724 | C3: ='raw data'!P4 -> 18.654766 | D3: ='raw data'!V4 -> 171.74243 | E3: ='raw data'!AB4 -> 1.1018587 | F3: ='raw data'!AH4 -> 0.29993873 | G3: ='raw data'!AN4 -> 76245.747 | H3: ='raw data'!AT4 -> 5.2427558 | I3: ='raw data'!AZ4 -> 3217.7623 | J3: ='raw data'!BF4 -> 132.68124 | K3: ='raw data'!BL4 -> 0 | L3: ='raw data'!BR4 -> 0 | M3: ='raw data'!BX4 -> 0 | N3: ='raw data'!CD4 -> 4499.6257 | O3: ='raw data'!CJ4 -> 46.018788 | P3: ='raw data'!CP4 -> 0.61505368 | Q3: ='raw data'!CV4 -> 1.0070577 | R3: ='raw data'!DB4 -> 0 | S3: ='raw data'!DH4 -> 1.1330378 | T3: ='raw data'!DN4 -> 10.655928 | U3: ='raw data'!DT4 -> 2.1224183 | V3: ='raw data'!DZ4 -> 1.5116108 | W3: ='raw data'!EF4 -> 0 | X3: ='raw data'!EL4 -> 4.6953871 | Y3: ='raw data'!ER4 -> 12.720833 | Z3: ='raw data'!EX4 -> 1174.0431 | AA3: ='raw data'!FD4 -> 234.20668 | AB3: ='raw data'!FJ4 -> 1.2206453 | AC3: ='raw data'!FP4 -> 0.81090221 | AD3: ='raw data'!FV4 -> 168.30513 | AE3: ='raw data'!GB4 -> 0 | AF3: ='raw data'!GH4 -> 0 | AG3: ='raw data'!GN4 -> 0 | AH3: ='raw data'!HF4 -> 0 | AI3: ='raw data'!HL4 -> 79524.739 | AJ3: ='raw data'!HR4 -> 676.66581 | AK3: ='raw data'!HX4 -> 4.40243 | AL3: ='raw data'!ID4 -> 2162.4567 | AM3: ='raw data'!IJ4 -> 17.603259 | AN3: ='raw data'!IP4 -> 24.191412 | AO3: ='raw data'!IV4 -> 0 | AP3: ='raw data'!JB4 -> 55.35405 | AQ3: ='raw data'!JH4 -> 0.52357665 | AR3: ='raw data'!JN4 -> 16.199506 | AS3: ='raw data'!JT4 -> 1.6626927 | AT3: ='raw data'!JZ4 -> 11.115049 | AU3: ='raw data'!KF4 -> 347.86333 | AV3: ='raw data'!KL4 -> 12573.292 | AW3: ='raw data'!KR4 -> 166.125 | AX3: ='raw data'!KX4 -> 0 | AY3: ='raw data'!LD4 -> 4556.1747 | AZ3: ='raw data'!LJ4 -> 0 | BA3: ='raw data'!LP4 -> 22.163336 | BB3: ='raw data'!LV4 -> 235.16618 | BC3: ='raw data'!MB4 -> 5.8231163 | BD3: ='raw data'!MH4 -> 484.85344 | BE3: ='raw data'!MN4 -> 1.4793391 | BF3: ='raw data'!MT4 -> 352.27976 | BG3: ='raw data'!MZ4 -> 573.9663 | BH3: ='raw data'!NF4 -> 106.03035 | BI3: ='raw data'!NL4 -> 0 | BJ3: ='raw data'!NR4 -> 0.35912065 | BK3: ='raw data'!NX4 -> 6.1140766 | BL3: ='raw data'!OD4 -> 8.8569735 | BM3: ='raw data'!OJ4 -> 0 | BN3: ='raw data'!OP4 -> 0.52953579 | BO3: ='raw data'!OV4 -> 1.4400919 | BP3: ='raw data'!PB4 -> 0.10668455 | BQ3: ='raw data'!PH4 -> 0 | BR3: ='raw data'!PN4 -> 776.87956 | BS3: ='raw data'!PT4 -> 27.114198 | BT3: ='raw data'!PZ4 -> 2613.3017 | BU3: ='raw data'!QF4 -> 0.24926912 | BV3: ='raw data'!QL4 -> 58.091826 | BW3: ='raw data'!QR4 -> 0
A4: ='raw data'!C5 -> CoBerry-1-3 | B4: ='raw data'!J5 -> 79.451582 | C4: ='raw data'!P5 -> 17.860812 | D4: ='raw data'!V5 -> 185.6413 | E4: ='raw data'!AB5 -> 1.1093663 | F4: ='raw data'!AH5 -> 0.34596711 | G4: ='raw data'!AN5 -> 78923.702 | H4: ='raw data'!AT5 -> 2.4832862 | I4: ='raw data'!AZ5 -> 2847.1497 | J4: ='raw data'!BF5 -> 152.7996 | K4: ='raw data'!BL5 -> 0 | L4: ='raw data'!BR5 -> 0 | M4: ='raw data'!BX5 -> 199.71802 | N4: ='raw data'!CD5 -> 2055.5417 | O4: ='raw data'!CJ5 -> 50.68722 | P4: ='raw data'!CP5 -> 0.52992683 | Q4: ='raw data'!CV5 -> 0.84963247 | R4: ='raw data'!DB5 -> 0 | S4: ='raw data'!DH5 -> 0.84542812 | T4: ='raw data'!DN5 -> 6.2211097 | U4: ='raw data'!DT5 -> 5.7795278 | V4: ='raw data'!DZ5 -> 1.1596179 | W4: ='raw data'!EF5 -> 0 | X4: ='raw data'!EL5 -> 3.9750214 | Y4: ='raw data'!ER5 -> 10.830995 | Z4: ='raw data'!EX5 -> 928.31412 | AA4: ='raw data'!FD5 -> 259.66009 | AB4: ='raw data'!FJ5 -> 0.8322154 | AC4: ='raw data'!FP5 -> 1.1907091 | AD4: ='raw data'!FV5 -> 155.52413 | AE4: ='raw data'!GB5 -> 0 | AF4: ='raw data'!GH5 -> 0 | AG4: ='raw data'!GN5 -> 0 | AH4: ='raw data'!HF5 -> 0 | AI4: ='raw data'!HL5 -> 81039.576 | AJ4: ='raw data'!HR5 -> 9579.0232 | AK4: ='raw data'!HX5 -> 3.8612661 | AL4: ='raw data'!ID5 -> 1822.2011 | AM4: ='raw data'!IJ5 -> 18.984822 | AN4: ='raw data'!IP5 -> 24.558236 | AO4: ='raw data'!IV5 -> 0 | AP4: ='raw data'!JB5 -> 46.461451 | AQ4: ='raw data'!JH5 -> 0.47561059 | AR4: ='raw data'!JN5 -> 15.731134 | AS4: ='raw data'!JT5 -> 1.6524717 | AT4: ='raw data'!JZ5 -> 11.042257 | AU4: ='raw data'!KF5 -> 279.01961 | AV4: ='raw data'!KL5 -> 136388.44 | AW4: ='raw data'!KR5 -> 188.22847 | AX4: ='raw data'!KX5 -> 0 | AY4: ='raw data'!LD5 -> 9011.5403 | AZ4: ='raw data'!LJ5 -> 0 | BA4: ='raw data'!LP5 -> 36.78797 | BB4: ='raw data'!LV5 -> 169.29029 | BC4: ='raw data'!MB5 -> 5.5862953 | BD4: ='raw data'!MH5 -> 471.33117 | BE4: ='raw data'!MN5 -> 1.5075371 | BF4: ='raw data'!MT5 -> 379.30162 | BG4: ='raw data'!MZ5 -> 1352.8584 | BH4: ='raw data'!NF5 -> 107.15252 | BI4: ='raw data'!NL5 -> 0 | BJ4: ='raw data'!NR5 -> 0.37107532 | BK4: ='raw data'!NX5 -> 10.928092 | BL4: ='raw data'!OD5 -> 9.1165211 | BM4: ='raw data'!OJ5 -> 0.000327716 | BN4: ='raw data'!OP5 -> 0.4198091 | BO4: ='raw data'!OV5 -> 0 | BP4: ='raw data'!PB5 -> 0.046563349 | BQ4: ='raw data'!PH5 -> 119.52353 | BR4: ='raw data'!PN5 -> 1054.4503 | BS4: ='raw data'!PT5 -> 27.632868 | BT4: ='raw data'!PZ5 -> 1330.4671 | BU4: ='raw data'!QF5 -> 0.23007748 | BV4: ='raw data'!QL5 -> 38.061855 | BW4: ='raw data'!QR5 -> 0
A5: ='raw data'!C6 -> CoBerry-2-1 | B5: ='raw data'!J6 -> 79.235665 | C5: ='raw data'!P6 -> 18.57341 | D5: ='raw data'!V6 -> 32.20428 | E5: ='raw data'!AB6 -> 1.2802153 | F5: ='raw data'!AH6 -> 0.36724911 | G5: ='raw data'!AN6 -> 66422.906 | H5: ='raw data'!AT6 -> 4.105857 | I5: ='raw data'!AZ6 -> 2157.2075 | J5: ='raw data'!BF6 -> 147.70453 | K5: ='raw data'!BL6 -> 0 | L5: ='raw data'!BR6 -> 0 | M5: ='raw data'!BX6 -> 0 | N5: ='raw data'!CD6 -> 1936.4923 | O5: ='raw data'!CJ6 -> 40.301957 | P5: ='raw data'!CP6 -> 0.5005548 | Q5: ='raw data'!CV6 -> 0.056262553 | R5: ='raw data'!DB6 -> 0 | S5: ='raw data'!DH6 -> 1.5173294 | T5: ='raw data'!DN6 -> 13.57044 | U5: ='raw data'!DT6 -> 1.938738 | V5: ='raw data'!DZ6 -> 0 | W5: ='raw data'!EF6 -> 0 | X5: ='raw data'!EL6 -> 4.0303338 | Y5: ='raw data'!ER6 -> 11.848756 | Z5: ='raw data'!EX6 -> 1257.8988 | AA5: ='raw data'!FD6 -> 214.2833 | AB5: ='raw data'!FJ6 -> 0.41424716 | AC5: ='raw data'!FP6 -> 0.74279672 | AD5: ='raw data'!FV6 -> 113.93373 | AE5: ='raw data'!GB6 -> 0 | AF5: ='raw data'!GH6 -> 0 | AG5: ='raw data'!GN6 -> 0 | AH5: ='raw data'!HF6 -> 0 | AI5: ='raw data'!HL6 -> 131691.5 | AJ5: ='raw data'!HR6 -> 0 | AK5: ='raw data'!HX6 -> 2.9555067 | AL5: ='raw data'!ID6 -> 1035.3178 | AM5: ='raw data'!IJ6 -> 17.397416 | AN5: ='raw data'!IP6 -> 16.671056 | AO5: ='raw data'!IV6 -> 0 | AP5: ='raw data'!JB6 -> 28.177739 | AQ5: ='raw data'!JH6 -> 0.38014635 | AR5: ='raw data'!JN6 -> 12.022011 | AS5: ='raw data'!JT6 -> 1.5526585 | AT5: ='raw data'!JZ6 -> 26.392584 | AU5: ='raw data'!KF6 -> 306.41365 | AV5: ='raw data'!KL6 -> 15110.285 | AW5: ='raw data'!KR6 -> 125.37902 | AX5: ='raw data'!KX6 -> 0 | AY5: ='raw data'!LD6 -> 7063.9695 | AZ5: ='raw data'!LJ6 -> 0 | BA5: ='raw data'!LP6 -> 25.872857 | BB5: ='raw data'!LV6 -> 125.78612 | BC5: ='raw data'!MB6 -> 5.8857461 | BD5: ='raw data'!MH6 -> 450.78152 | BE5: ='raw data'!MN6 -> 1.3760257 | BF5: ='raw data'!MT6 -> 297.58765 | BG5: ='raw data'!MZ6 -> 2574.6022 | BH5: ='raw data'!NF6 -> 75.734326 | BI5: ='raw data'!NL6 -> 0 | BJ5: ='raw data'!NR6 -> 0.31010716 | BK5: ='raw data'!NX6 -> 6.9172669 | BL5: ='raw data'!OD6 -> 10.864703 | BM5: ='raw data'!OJ6 -> 0 | BN5: ='raw data'!OP6 -> 0.41839196 | BO5: ='raw data'!OV6 -> 7.6292132 | BP5: ='raw data'!PB6 -> 0.11076786 | BQ5: ='raw data'!PH6 -> 0 | BR5: ='raw data'!PN6 -> 1493.6738 | BS5: ='raw data'!PT6 -> 22.706765 | BT5: ='raw data'!PZ6 -> 0 | BU5: ='raw data'!QF6 -> 0.18504692 | BV5: ='raw data'!QL6 -> 28.635257 | BW5: ='raw data'!QR6 -> 0
A6: ='raw data'!C7 -> CoBerry-2-2 | B6: ='raw data'!J7 -> 0 | C6: ='raw data'!P7 -> 18.138241 | D6: ='raw data'!V7 -> 58.907869 | E6: ='raw data'!AB7 -> 1.3979125 | F6: ='raw data'!AH7 -> 0.34372839 | G6: ='raw data'!AN7 -> 83898.232 | H6: ='raw data'!AT7 -> 3.1558054 | I6: ='raw data'!AZ7 -> 2358.0593 | J6: ='raw data'!BF7 -> 125.58953 | K6: ='raw data'!BL7 -> 1.5457637 | L6: ='raw data'!BR7 -> 0 | M6: ='raw data'!BX7 -> 0 | N6: ='raw data'!CD7 -> 0 | O6: ='raw data'!CJ7 -> 33.095861 | P6: ='raw data'!CP7 -> 0.94482486 | Q6: ='raw data'!CV7 -> 0.04684816 | R6: ='raw data'!DB7 -> 0 | S6: ='raw data'!DH7 -> 1.6049224 | T6: ='raw data'!DN7 -> 17.103617 | U6: ='raw data'!DT7 -> 1.8541366 | V6: ='raw data'!DZ7 -> 0 | W6: ='raw data'!EF7 -> 0 | X6: ='raw data'!EL7 -> 4.0515853 | Y6: ='raw data'!ER7 -> 12.460814 | Z6: ='raw data'!EX7 -> 1460.7822 | AA6: ='raw data'!FD7 -> 1.5507609 | AB6: ='raw data'!FJ7 -> 2.9341142 | AC6: ='raw data'!FP7 -> 0.84229764 | AD6: ='raw data'!FV7 -> 64.706824 | AE6: ='raw data'!GB7 -> 0 | AF6: ='raw data'!GH7 -> 0 | AG6: ='raw data'!GN7 -> 0 | AH6: ='raw data'!HF7 -> 0 | AI6: ='raw data'!HL7 -> 121675.05 | AJ6: ='raw data'!HR7 -> 8139.1539 | AK6: ='raw data'!HX7 -> 3.5658457 | AL6: ='raw data'!ID7 -> 1102.3553 | AM6: ='raw data'!IJ7 -> 11.651038 | AN6: ='raw data'!IP7 -> 14.069477 | AO6: ='raw data'!IV7 -> 0 | AP6: ='raw data'!JB7 -> 25.508905 | AQ6: ='raw data'!JH7 -> 0.38481927 | AR6: ='raw data'!JN7 -> 12.703595 | AS6: ='raw data'!JT7 -> 1.3318446 | AT6: ='raw data'!JZ7 -> 8.2018709 | AU6: ='raw data'!KF7 -> 311.28469 | AV6: ='raw data'!KL7 -> 0 | AW6: ='raw data'!KR7 -> 131.53727 | AX6: ='raw data'!KX7 -> 0 | AY6: ='raw data'!LD7 -> 4151.1693 | AZ6: ='raw data'!LJ7 -> 0 | BA6: ='raw data'!LP7 -> 22.386958 | BB6: ='raw data'!LV7 -> 504.34625 | BC6: ='raw data'!MB7 -> 8.4772968 | BD6: ='raw data'!MH7 -> 509.42409 | BE6: ='raw data'!MN7 -> 1.1544054 | BF6: ='raw data'!MT7 -> 273.80739 | BG6: ='raw data'!MZ7 -> 505.01903 | BH6: ='raw data'!NF7 -> 97.986815 | BI6: ='raw data'!NL7 -> 0 | BJ6: ='raw data'!NR7 -> 0.32924625 | BK6: ='raw data'!NX7 -> 6.1486072 | BL6: ='raw data'!OD7 -> 9.6197499 | BM6: ='raw data'!OJ7 -> 0.014334646 | BN6: ='raw data'!OP7 -> 0.44447091 | BO6: ='raw data'!OV7 -> 36.221063 | BP6: ='raw data'!PB7 -> 0.15628414 | BQ6: ='raw data'!PH7 -> 1088.2395 | BR6: ='raw data'!PN7 -> 1874.8005 | BS6: ='raw data'!PT7 -> 29.14593 | BT6: ='raw data'!PZ7 -> 0 | BU6: ='raw data'!QF7 -> 0.21275851 | BV6: ='raw data'!QL7 -> 65.492538 | BW6: ='raw data'!QR7 -> 0
A7: ='raw data'!C8 -> CoBerry-2-3 | B7: ='raw data'!J8 -> 107.80836 | C7: ='raw data'!P8 -> 17.802387 | D7: ='raw data'!V8 -> 7.328392 | E7: ='raw data'!AB8 -> 1.4451617 | F7: ='raw data'!AH8 -> 0.44094623 | G7: ='raw data'!AN8 -> 55954.114 | H7: ='raw data'!AT8 -> 2.6537151 | I7: ='raw data'!AZ8 -> 2080.1546 | J7: ='raw data'!BF8 -> 169.50586 | K7: ='raw data'!BL8 -> 0 | L7: ='raw data'!BR8 -> 0 | M7: ='raw data'!BX8 -> 244.39076 | N7: ='raw data'!CD8 -> 1370.971 | O7: ='raw data'!CJ8 -> 36.379171 | P7: ='raw data'!CP8 -> 0.44473175 | Q7: ='raw data'!CV8 -> 0.043884727 | R7: ='raw data'!DB8 -> 0 | S7: ='raw data'!DH8 -> 1.494825 | T7: ='raw data'!DN8 -> 14.066927 | U7: ='raw data'!DT8 -> 1.9764916 | V7: ='raw data'!DZ8 -> 0 | W7: ='raw data'!EF8 -> 0 | X7: ='raw data'!EL8 -> 3.5008598 | Y7: ='raw data'!ER8 -> 13.344514 | Z7: ='raw data'!EX8 -> 1411.8395 | AA7: ='raw data'!FD8 -> 177.1162 | AB7: ='raw data'!FJ8 -> 0.42980182 | AC7: ='raw data'!FP8 -> 0.71662556 | AD7: ='raw data'!FV8 -> 131.87906 | AE7: ='raw data'!GB8 -> 0 | AF7: ='raw data'!GH8 -> 0 | AG7: ='raw data'!GN8 -> 0 | AH7: ='raw data'!HF8 -> 0 | AI7: ='raw data'!HL8 -> 423166.72 | AJ7: ='raw data'!HR8 -> 0 | AK7: ='raw data'!HX8 -> 3.3642195 | AL7: ='raw data'!ID8 -> 892.66593 | AM7: ='raw data'!IJ8 -> 12.349684 | AN7: ='raw data'!IP8 -> 12.995619 | AO7: ='raw data'!IV8 -> 0 | AP7: ='raw data'!JB8 -> 39.050551 | AQ7: ='raw data'!JH8 -> 0.34614846 | AR7: ='raw data'!JN8 -> 12.292487 | AS7: ='raw data'!JT8 -> 1.2734124 | AT7: ='raw data'!JZ8 -> 8.2293373 | AU7: ='raw data'!KF8 -> 302.725 | AV7: ='raw data'!KL8 -> 9869.996 | AW7: ='raw data'!KR8 -> 130.24012 | AX7: ='raw data'!KX8 -> 0 | AY7: ='raw data'!LD8 -> 6499.5645 | AZ7: ='raw data'!LJ8 -> 0 | BA7: ='raw data'!LP8 -> 18.611917 | BB7: ='raw data'!LV8 -> 153.57816 | BC7: ='raw data'!MB8 -> 8.2357699 | BD7: ='raw data'!MH8 -> 360.26561 | BE7: ='raw data'!MN8 -> 1.2966811 | BF7: ='raw data'!MT8 -> 285.88336 | BG7: ='raw data'!MZ8 -> 972.16102 | BH7: ='raw data'!NF8 -> 90.280378 | BI7: ='raw data'!NL8 -> 0 | BJ7: ='raw data'!NR8 -> 0.30621109 | BK7: ='raw data'!NX8 -> 7.1690578 | BL7: ='raw data'!OD8 -> 13.159946 | BM7: ='raw data'!OJ8 -> 0 | BN7: ='raw data'!OP8 -> 0.3511685 | BO7: ='raw data'!OV8 -> 8.0591338 | BP7: ='raw data'!PB8 -> 0.13556403 | BQ7: ='raw data'!PH8 -> 266.4641 | BR7: ='raw data'!PN8 -> 2606.8155 | BS7: ='raw data'!PT8 -> 26.163525 | BT7: ='raw data'!PZ8 -> 0 | BU7: ='raw data'!QF8 -> 0.13258704 | BV7: ='raw data'!QL8 -> 29.018259 | BW7: ='raw data'!QR8 -> 0.000463464
A8: ='raw data'!C9 -> CoBerry-3-1 | B8: ='raw data'!J9 -> 0 | C8: ='raw data'!P9 -> 19.411148 | D8: ='raw data'!V9 -> 200.35327 | E8: ='raw data'!AB9 -> 1.436969 | F8: ='raw data'!AH9 -> 0.4359036 | G8: ='raw data'!AN9 -> 81903.927 | H8: ='raw data'!AT9 -> 3.4588515 | I8: ='raw data'!AZ9 -> 3487.5364 | J8: ='raw data'!BF9 -> 166.0679 | K8: ='raw data'!BL9 -> 0 | L8: ='raw data'!BR9 -> 0 | M8: ='raw data'!BX9 -> 150.21366 | N8: ='raw data'!CD9 -> 2859.0893 | O8: ='raw data'!CJ9 -> 58.999385 | P8: ='raw data'!CP9 -> 0.46341172 | Q8: ='raw data'!CV9 -> 0.14069065 | R8: ='raw data'!DB9 -> 0 | S8: ='raw data'!DH9 -> 1.3102709 | T8: ='raw data'!DN9 -> 10.41235 | U8: ='raw data'!DT9 -> 2.2146582 | V8: ='raw data'!DZ9 -> 0 | W8: ='raw data'!EF9 -> 0 | X8: ='raw data'!EL9 -> 4.3196828 | Y8: ='raw data'!ER9 -> 12.82593 | Z8: ='raw data'!EX9 -> 1504.6997 | AA8: ='raw data'!FD9 -> 329.787 | AB8: ='raw data'!FJ9 -> 0.88344418 | AC8: ='raw data'!FP9 -> 1.4635749 | AD8: ='raw data'!FV9 -> 160.52389 | AE8: ='raw data'!GB9 -> 0 | AF8: ='raw data'!GH9 -> 0 | AG8: ='raw data'!GN9 -> 0 | AH8: ='raw data'!HF9 -> 0 | AI8: ='raw data'!HL9 -> 410967.8 | AJ8: ='raw data'!HR9 -> 1718.7284 | AK8: ='raw data'!HX9 -> 5.1956945 | AL8: ='raw data'!ID9 -> 2110.5437 | AM8: ='raw data'!IJ9 -> 20.618081 | AN8: ='raw data'!IP9 -> 23.529019 | AO8: ='raw data'!IV9 -> 0 | AP8: ='raw data'!JB9 -> 37.567758 | AQ8: ='raw data'!JH9 -> 0.50900488 | AR8: ='raw data'!JN9 -> 15.174127 | AS8: ='raw data'!JT9 -> 1.9515265 | AT8: ='raw data'!JZ9 -> 11.426605 | AU8: ='raw data'!KF9 -> 304.71348 | AV8: ='raw data'!KL9 -> 90949.148 | AW8: ='raw data'!KR9 -> 170.18238 | AX8: ='raw data'!KX9 -> 0 | AY8: ='raw data'!LD9 -> 6496.3343 | AZ8: ='raw data'!LJ9 -> 0 | BA8: ='raw data'!LP9 -> 31.671036 | BB8: ='raw data'!LV9 -> 173.79321 | BC8: ='raw data'!MB9 -> 6.9428658 | BD8: ='raw data'!MH9 -> 520.41457 | BE8: ='raw data'!MN9 -> 1.4223059 | BF8: ='raw data'!MT9 -> 290.95993 | BG8: ='raw data'!MZ9 -> 973.84794 | BH8: ='raw data'!NF9 -> 112.70261 | BI8: ='raw data'!NL9 -> 0 | BJ8: ='raw data'!NR9 -> 0.35242626 | BK8: ='raw data'!NX9 -> 14.787841 | BL8: ='raw data'!OD9 -> 9.1429517 | BM8: ='raw data'!OJ9 -> 0 | BN8: ='raw data'!OP9 -> 0.43759448 | BO8: ='raw data'!OV9 -> 2.4115905 | BP8: ='raw data'!PB9 -> 0.12075557 | BQ8: ='raw data'!PH9 -> 598.37312 | BR8: ='raw data'!PN9 -> 1576.5282 | BS8: ='raw data'!PT9 -> 27.729932 | BT8: ='raw data'!PZ9 -> 0 | BU8: ='raw data'!QF9 -> 0.26061567 | BV8: ='raw data'!QL9 -> 45.076609 | BW8: ='raw data'!QR9 -> 0
A9: ='raw data'!C10 -> CoBerry-3-2 | B9: ='raw data'!J10 -> 0 | C9: ='raw data'!P10 -> 19.585844 | D9: ='raw data'!V10 -> 198.57263 | E9: ='raw data'!AB10 -> 1.4125223 | F9: ='raw data'!AH10 -> 0.4784249 | G9: ='raw data'!AN10 -> 129504.72 | H9: ='raw data'!AT10 -> 4.9019971 | I9: ='raw data'!AZ10 -> 4034.1993 | J9: ='raw data'!BF10 -> 158.34484 | K9: ='raw data'!BL10 -> 0 | L9: ='raw data'!BR10 -> 0 | M9: ='raw data'!BX10 -> 33.048927 | N9: ='raw data'!CD10 -> 0 | O9: ='raw data'!CJ10 -> 47.674046 | P9: ='raw data'!CP10 -> 0.60141999 | Q9: ='raw data'!CV10 -> 0.14264767 | R9: ='raw data'!DB10 -> 0 | S9: ='raw data'!DH10 -> 1.4008869 | T9: ='raw data'!DN10 -> 15.64945 | U9: ='raw data'!DT10 -> 2.4250138 | V9: ='raw data'!DZ10 -> 3.1296789 | W9: ='raw data'!EF10 -> 0 | X9: ='raw data'!EL10 -> 4.0586649 | Y9: ='raw data'!ER10 -> 12.371537 | Z9: ='raw data'!EX10 -> 1638.2194 | AA9: ='raw data'!FD10 -> 263.84875 | AB9: ='raw data'!FJ10 -> 2.1951647 | AC9: ='raw data'!FP10 -> 1.3777014 | AD9: ='raw data'!FV10 -> 78.940315 | AE9: ='raw data'!GB10 -> 0 | AF9: ='raw data'!GH10 -> 0 | AG9: ='raw data'!GN10 -> 0 | AH9: ='raw data'!HF10 -> 0 | AI9: ='raw data'!HL10 -> 542051.76 | AJ9: ='raw data'!HR10 -> 7638.6148 | AK9: ='raw data'!HX10 -> 6.1567142 | AL9: ='raw data'!ID10 -> 2304.6375 | AM9: ='raw data'!IJ10 -> 19.270066 | AN9: ='raw data'!IP10 -> 22.498089 | AO9: ='raw data'!IV10 -> 0 | AP9: ='raw data'!JB10 -> 38.72912 | AQ9: ='raw data'!JH10 -> 0.53783526 | AR9: ='raw data'!JN10 -> 15.680307 | AS9: ='raw data'!JT10 -> 2.0075297 | AT9: ='raw data'!JZ10 -> 10.099873 | AU9: ='raw data'!KF10 -> 279.67417 | AV9: ='raw data'!KL10 -> 52498.127 | AW9: ='raw data'!KR10 -> 165.94604 | AX9: ='raw data'!KX10 -> 0 | AY9: ='raw data'!LD10 -> 5178.6434 | AZ9: ='raw data'!LJ10 -> 0 | BA9: ='raw data'!LP10 -> 33.330797 | BB9: ='raw data'!LV10 -> 394.95524 | BC9: ='raw data'!MB10 -> 8.4751167 | BD9: ='raw data'!MH10 -> 485.25532 | BE9: ='raw data'!MN10 -> 1.520249 | BF9: ='raw data'!MT10 -> 310.13005 | BG9: ='raw data'!MZ10 -> 689.64516 | BH9: ='raw data'!NF10 -> 179.92498 | BI9: ='raw data'!NL10 -> 0 | BJ9: ='raw data'!NR10 -> 0.45834888 | BK9: ='raw data'!NX10 -> 4.0909342 | BL9: ='raw data'!OD10 -> 8.7936127 | BM9: ='raw data'!OJ10 -> 0 | BN9: ='raw data'!OP10 -> 0.44674711 | BO9: ='raw data'!OV10 -> 7.5323509 | BP9: ='raw data'!PB10 -> 0.026781492 | BQ9: ='raw data'!PH10 -> 347.68643 | BR9: ='raw data'!PN10 -> 1602.6406 | BS9: ='raw data'!PT10 -> 31.852932 | BT9: ='raw data'!PZ10 -> 28.926517 | BU9: ='raw data'!QF10 -> 0.33045698 | BV9: ='raw data'!QL10 -> 72.030703 | BW9: ='raw data'!QR10 -> 0
A10: ='raw data'!C11 -> CoCiNe-1-1 | B10: ='raw data'!J11 -> 213.62386 | C10: ='raw data'!P11 -> 18.264747 | D10: ='raw data'!V11 -> 208.01939 | E10: ='raw data'!AB11 -> 1.0836889 | F10: ='raw data'!AH11 -> 0.52234385 | G10: ='raw data'!AN11 -> 129205.64 | H10: ='raw data'!AT11 -> 3.5784908 | I10: ='raw data'!AZ11 -> 2922.0742 | J10: ='raw data'!BF11 -> 216.35554 | K10: ='raw data'!BL11 -> 2.4744745 | L10: ='raw data'!BR11 -> 0 | M10: ='raw data'!BX11 -> 0 | N10: ='raw data'!CD11 -> 0 | O10: ='raw data'!CJ11 -> 48.855102 | P10: ='raw data'!CP11 -> 0.5338072 | Q10: ='raw data'!CV11 -> 0.20445952 | R10: ='raw data'!DB11 -> 0 | S10: ='raw data'!DH11 -> 1.1743794 | T10: ='raw data'!DN11 -> 18.845318 | U10: ='raw data'!DT11 -> 5.2498432 | V10: ='raw data'!DZ11 -> 1.9911254 | W10: ='raw data'!EF11 -> 0.016385036 | X10: ='raw data'!EL11 -> 4.2292085 | Y10: ='raw data'!ER11 -> 15.746077 | Z10: ='raw data'!EX11 -> 1380.6842 | AA10: ='raw data'!FD11 -> 19.309007 | AB10: ='raw data'!FJ11 -> 2.9551998 | AC10: ='raw data'!FP11 -> 2.03624 | AD10: ='raw data'!FV11 -> 81.532461 | AE10: ='raw data'!GB11 -> 0 | AF10: ='raw data'!GH11 -> 0 | AG10: ='raw data'!GN11 -> 0 | AH10: ='raw data'!HF11 -> 0 | AI10: ='raw data'!HL11 -> 181915.87 | AJ10: ='raw data'!HR11 -> 2264.6617 | AK10: ='raw data'!HX11 -> 5.1385601 | AL10: ='raw data'!ID11 -> 1921.5122 | AM10: ='raw data'!IJ11 -> 24.19715 | AN10: ='raw data'!IP11 -> 29.001291 | AO10: ='raw data'!IV11 -> 3067.5401 | AP10: ='raw data'!JB11 -> 36.354366 | AQ10: ='raw data'!JH11 -> 0.52037518 | AR10: ='raw data'!JN11 -> 15.840403 | AS10: ='raw data'!JT11 -> 2.0607429 | AT10: ='raw data'!JZ11 -> 10.061795 | AU10: ='raw data'!KF11 -> 301.76437 | AV10: ='raw data'!KL11 -> 0 | AW10: ='raw data'!KR11 -> 173.30766 | AX10: ='raw data'!KX11 -> 0 | AY10: ='raw data'!LD11 -> 5593.7142 | AZ10: ='raw data'!LJ11 -> 0 | BA10: ='raw data'!LP11 -> 73.381494 | BB10: ='raw data'!LV11 -> 531.24901 | BC10: ='raw data'!MB11 -> 8.1207824 | BD10: ='raw data'!MH11 -> 726.81739 | BE10: ='raw data'!MN11 -> 1.3274085 | BF10: ='raw data'!MT11 -> 314.11944 | BG10: ='raw data'!MZ11 -> 616.46295 | BH10: ='raw data'!NF11 -> 162.68263 | BI10: ='raw data'!NL11 -> 0 | BJ10: ='raw data'!NR11 -> 0.45964848 | BK10: ='raw data'!NX11 -> 3.5751576 | BL10: ='raw data'!OD11 -> 9.6588924 | BM10: ='raw data'!OJ11 -> 0 | BN10: ='raw data'!OP11 -> 1.0051787 | BO10: ='raw data'!OV11 -> 0 | BP10: ='raw data'!PB11 -> 0.037017313 | BQ10: ='raw data'!PH11 -> 1438.363 | BR10: ='raw data'!PN11 -> 1414.0993 | BS10: ='raw data'!PT11 -> 30.498276 | BT10: ='raw data'!PZ11 -> 5168.658 | BU10: ='raw data'!QF11 -> 0.26327005 | BV10: ='raw data'!QL11 -> 59.529008 | BW10: ='raw data'!QR11 -> 0.004159522
A11: ='raw data'!C12 -> CoCiNe-1-2 | B11: ='raw data'!J12 -> 312.12381 | C11: ='raw data'!P12 -> 17.744597 | D11: ='raw data'!V12 -> 191.72448 | E11: ='raw data'!AB12 -> 0.90676876 | F11: ='raw data'!AH12 -> 0.67982535 | G11: ='raw data'!AN12 -> 129323.67 | H11: ='raw data'!AT12 -> 4.0343983 | I11: ='raw data'!AZ12 -> 2855.5811 | J11: ='raw data'!BF12 -> 215.75044 | K11: ='raw data'!BL12 -> 0 | L11: ='raw data'!BR12 -> 0 | M11: ='raw data'!BX12 -> 0 | N11: ='raw data'!CD12 -> 3370.1486 | O11: ='raw data'!CJ12 -> 52.665375 | P11: ='raw data'!CP12 -> 0.46795822 | Q11: ='raw data'!CV12 -> 0.19087829 | R11: ='raw data'!DB12 -> 0 | S11: ='raw data'!DH12 -> 2.1110696 | T11: ='raw data'!DN12 -> 20.477895 | U11: ='raw data'!DT12 -> 3.2274895 | V11: ='raw data'!DZ12 -> 0 | W11: ='raw data'!EF12 -> 0 | X11: ='raw data'!EL12 -> 4.2366599 | Y11: ='raw data'!ER12 -> 12.886021 | Z11: ='raw data'!EX12 -> 942.80977 | AA11: ='raw data'!FD12 -> 68.319186 | AB11: ='raw data'!FJ12 -> 0.75830397 | AC11: ='raw data'!FP12 -> 1.979814 | AD11: ='raw data'!FV12 -> 143.80909 | AE11: ='raw data'!GB12 -> 0 | AF11: ='raw data'!GH12 -> 0 | AG11: ='raw data'!GN12 -> 0 | AH11: ='raw data'!HF12 -> 0 | AI11: ='raw data'!HL12 -> 211966.65 | AJ11: ='raw data'!HR12 -> 2765.1841 | AK11: ='raw data'!HX12 -> 3.4363444 | AL11: ='raw data'!ID12 -> 1878.2321 | AM11: ='raw data'!IJ12 -> 29.504035 | AN11: ='raw data'!IP12 -> 27.47575 | AO11: ='raw data'!IV12 -> 0 | AP11: ='raw data'!JB12 -> 35.669086 | AQ11: ='raw data'!JH12 -> 0.50290949 | AR11: ='raw data'!JN12 -> 15.83567 | AS11: ='raw data'!JT12 -> 1.9441949 | AT11: ='raw data'!JZ12 -> 10.896314 | AU11: ='raw data'!KF12 -> 275.28269 | AV11: ='raw data'!KL12 -> 0 | AW11: ='raw data'!KR12 -> 149.23158 | AX11: ='raw data'!KX12 -> 0 | AY11: ='raw data'!LD12 -> 5643.9504 | AZ11: ='raw data'!LJ12 -> 0 | BA11: ='raw data'!LP12 -> 11.623979 | BB11: ='raw data'!LV12 -> 187.56746 | BC11: ='raw data'!MB12 -> 9.518975 | BD11: ='raw data'!MH12 -> 657.46852 | BE11: ='raw data'!MN12 -> 1.163237 | BF11: ='raw data'!MT12 -> 306.6198 | BG11: ='raw data'!MZ12 -> 622.9808 | BH11: ='raw data'!NF12 -> 132.9691 | BI11: ='raw data'!NL12 -> 0 | BJ11: ='raw data'!NR12 -> 0.4261378 | BK11: ='raw data'!NX12 -> 5.1460744 | BL11: ='raw data'!OD12 -> 9.1146028 | BM11: ='raw data'!OJ12 -> 0 | BN11: ='raw data'!OP12 -> 0.45778241 | BO11: ='raw data'!OV12 -> 14.786608 | BP11: ='raw data'!PB12 -> 0.16587638 | BQ11: ='raw data'!PH12 -> 989.37025 | BR11: ='raw data'!PN12 -> 2250.6628 | BS11: ='raw data'!PT12 -> 23.820344 | BT11: ='raw data'!PZ12 -> 5935.8247 | BU11: ='raw data'!QF12 -> 0.19285454 | BV11: ='raw data'!QL12 -> 70.009907 | BW11: ='raw data'!QR12 -> 0.010117014
A12: ='raw data'!C13 -> CoCiNe-1-3 | B12: ='raw data'!J13 -> 336.90561 | C12: ='raw data'!P13 -> 18.032979 | D12: ='raw data'!V13 -> 211.78182 | E12: ='raw data'!AB13 -> 1.0834237 | F12: ='raw data'!AH13 -> 0.63855418 | G12: ='raw data'!AN13 -> 128300.68 | H12: ='raw data'!AT13 -> 2.8977424 | I12: ='raw data'!AZ13 -> 2665.51 | J12: ='raw data'!BF13 -> 202.80569 | K12: ='raw data'!BL13 -> 0 | L12: ='raw data'!BR13 -> 0 | M12: ='raw data'!BX13 -> 31.282409 | N12: ='raw data'!CD13 -> 2520.4368 | O12: ='raw data'!CJ13 -> 55.843103 | P12: ='raw data'!CP13 -> 0.48601774 | Q12: ='raw data'!CV13 -> 0.1907411 | R12: ='raw data'!DB13 -> 0 | S12: ='raw data'!DH13 -> 2.0865224 | T12: ='raw data'!DN13 -> 21.287702 | U12: ='raw data'!DT13 -> 3.6587437 | V12: ='raw data'!DZ13 -> 0 | W12: ='raw data'!EF13 -> 0 | X12: ='raw data'!EL13 -> 4.5606398 | Y12: ='raw data'!ER13 -> 13.770959 | Z12: ='raw data'!EX13 -> 1048.1326 | AA12: ='raw data'!FD13 -> 69.359313 | AB12: ='raw data'!FJ13 -> 0.70240951 | AC12: ='raw data'!FP13 -> 1.91781 | AD12: ='raw data'!FV13 -> 146.84482 | AE12: ='raw data'!GB13 -> 0 | AF12: ='raw data'!GH13 -> 0 | AG12: ='raw data'!GN13 -> 0 | AH12: ='raw data'!HF13 -> 0 | AI12: ='raw data'!HL13 -> 168151.74 | AJ12: ='raw data'!HR13 -> 8382.3957 | AK12: ='raw data'!HX13 -> 4.7102508 | AL12: ='raw data'!ID13 -> 1810.4764 | AM12: ='raw data'!IJ13 -> 24.92249 | AN12: ='raw data'!IP13 -> 30.124728 | AO12: ='raw data'!IV13 -> 0 | AP12: ='raw data'!JB13 -> 36.897657 | AQ12: ='raw data'!JH13 -> 0.50177814 | AR12: ='raw data'!JN13 -> 16.272599 | AS12: ='raw data'!JT13 -> 1.9820637 | AT12: ='raw data'!JZ13 -> 11.09035 | AU12: ='raw data'!KF13 -> 269.99565 | AV12: ='raw data'!KL13 -> 51613.204 | AW12: ='raw data'!KR13 -> 160.72111 | AX12: ='raw data'!KX13 -> 0 | AY12: ='raw data'!LD13 -> 7329.3326 | AZ12: ='raw data'!LJ13 -> 0 | BA12: ='raw data'!LP13 -> 9.1411812 | BB12: ='raw data'!LV13 -> 123.29105 | BC12: ='raw data'!MB13 -> 7.8040318 | BD12: ='raw data'!MH13 -> 556.66792 | BE12: ='raw data'!MN13 -> 1.4134047 | BF12: ='raw data'!MT13 -> 322.56258 | BG12: ='raw data'!MZ13 -> 608.01773 | BH12: ='raw data'!NF13 -> 134.77698 | BI12: ='raw data'!NL13 -> 0 | BJ12: ='raw data'!NR13 -> 0.36892204 | BK12: ='raw data'!NX13 -> 18.051145 | BL12: ='raw data'!OD13 -> 9.8419133 | BM12: ='raw data'!OJ13 -> 0 | BN12: ='raw data'!OP13 -> 0.41172874 | BO12: ='raw data'!OV13 -> 13.742604 | BP12: ='raw data'!PB13 -> 0.1247408 | BQ12: ='raw data'!PH13 -> 0 | BR12: ='raw data'!PN13 -> 2399.2552 | BS12: ='raw data'!PT13 -> 30.312451 | BT12: ='raw data'!PZ13 -> 4074.1391 | BU12: ='raw data'!QF13 -> 0.16064024 | BV12: ='raw data'!QL13 -> 46.888956 | BW12: ='raw data'!QR13 -> 0.015815432
A13: ='raw data'!C14 -> CoCiNe-2-1 | B13: ='raw data'!J14 -> 201.11752 | C13: ='raw data'!P14 -> 17.585895 | D13: ='raw data'!V14 -> 176.6254 | E13: ='raw data'!AB14 -> 1.0985687 | F13: ='raw data'!AH14 -> 0.29621962 | G13: ='raw data'!AN14 -> 117263.75 | H13: ='raw data'!AT14 -> 4.2003042 | I13: ='raw data'!AZ14 -> 3260.661 | J13: ='raw data'!BF14 -> 200.53745 | K13: ='raw data'!BL14 -> 0 | L13: ='raw data'!BR14 -> 0 | M13: ='raw data'!BX14 -> 0 | N13: ='raw data'!CD14 -> 4037.5642 | O13: ='raw data'!CJ14 -> 48.118823 | P13: ='raw data'!CP14 -> 0.55907118 | Q13: ='raw data'!CV14 -> 0.20542418 | R13: ='raw data'!DB14 -> 0 | S13: ='raw data'!DH14 -> 2.5282777 | T13: ='raw data'!DN14 -> 27.137041 | U13: ='raw data'!DT14 -> 2.5102222 | V13: ='raw data'!DZ14 -> 0 | W13: ='raw data'!EF14 -> 0 | X13: ='raw data'!EL14 -> 3.9008415 | Y13: ='raw data'!ER14 -> 13.347137 | Z13: ='raw data'!EX14 -> 1247.4151 | AA13: ='raw data'!FD14 -> 29.045483 | AB13: ='raw data'!FJ14 -> 0.60786765 | AC13: ='raw data'!FP14 -> 1.3040085 | AD13: ='raw data'!FV14 -> 228.06979 | AE13: ='raw data'!GB14 -> 1.3754784 | AF13: ='raw data'!GH14 -> 0 | AG13: ='raw data'!GN14 -> 0 | AH13: ='raw data'!HF14 -> 0 | AI13: ='raw data'!HL14 -> 421289.91 | AJ13: ='raw data'!HR14 -> 589.51048 | AK13: ='raw data'!HX14 -> 4.8208341 | AL13: ='raw data'!ID14 -> 1568.9088 | AM13: ='raw data'!IJ14 -> 19.677574 | AN13: ='raw data'!IP14 -> 26.023456 | AO13: ='raw data'!IV14 -> 0 | AP13: ='raw data'!JB14 -> 26.282917 | AQ13: ='raw data'!JH14 -> 0.562024 | AR13: ='raw data'!JN14 -> 17.456459 | AS13: ='raw data'!JT14 -> 1.8368129 | AT13: ='raw data'!JZ14 -> 11.700356 | AU13: ='raw data'!KF14 -> 311.15864 | AV13: ='raw data'!KL14 -> 0 | AW13: ='raw data'!KR14 -> 174.21115 | AX13: ='raw data'!KX14 -> 0 | AY13: ='raw data'!LD14 -> 4014.1549 | AZ13: ='raw data'!LJ14 -> 0 | BA13: ='raw data'!LP14 -> 7.5120532 | BB13: ='raw data'!LV14 -> 267.10774 | BC13: ='raw data'!MB14 -> 9.4848015 | BD13: ='raw data'!MH14 -> 656.51143 | BE13: ='raw data'!MN14 -> 1.3927708 | BF13: ='raw data'!MT14 -> 291.19854 | BG13: ='raw data'!MZ14 -> 482.63544 | BH13: ='raw data'!NF14 -> 136.40064 | BI13: ='raw data'!NL14 -> 0 | BJ13: ='raw data'!NR14 -> 0.39200975 | BK13: ='raw data'!NX14 -> 16.506904 | BL13: ='raw data'!OD14 -> 3.8123859 | BM13: ='raw data'!OJ14 -> 0 | BN13: ='raw data'!OP14 -> 0.4256251 | BO13: ='raw data'!OV14 -> 44.614759 | BP13: ='raw data'!PB14 -> 0.094763486 | BQ13: ='raw data'!PH14 -> 0 | BR13: ='raw data'!PN14 -> 2247.5221 | BS13: ='raw data'!PT14 -> 27.528585 | BT13: ='raw data'!PZ14 -> 4157.4216 | BU13: ='raw data'!QF14 -> 0.14701828 | BV13: ='raw data'!QL14 -> 69.579076 | BW13: ='raw data'!QR14 -> 0
... A72: ='raw data'!C73 -> SeqVP41-3-3 | B72: ='raw data'!J73 -> 0 | C72: ='raw data'!P73 -> 24.119691 | D72: ='raw data'!V73 -> 518.95264 | E72: ='raw data'!AB73 -> 0.78695897 | F72: ='raw data'!AH73 -> 0.54701456 | G72: ='raw data'!AN73 -> 70152.123 | H72: ='raw data'!AT73 -> 5.1977774 | I72: ='raw data'!AZ73 -> 4748.3961 | J72: ='raw data'!BF73 -> 398.09956 | K72: ='raw data'!BL73 -> 0 | L72: ='raw data'!BR73 -> 0.001364944 | M72: ='raw data'!BX73 -> 0 | N72: ='raw data'!CD73 -> 3435.68 | O72: ='raw data'!CJ73 -> 38.277676 | P72: ='raw data'!CP73 -> 0.56731919 | Q72: ='raw data'!CV73 -> 0.89353362 | R72: ='raw data'!DB73 -> 0 | S72: ='raw data'!DH73 -> 0.5479478 | T72: ='raw data'!DN73 -> 7.3494298 | U72: ='raw data'!DT73 -> 1.5401222 | V72: ='raw data'!DZ73 -> 0 | W72: ='raw data'!EF73 -> 0.010023861 | X72: ='raw data'!EL73 -> 5.1071016 | Y72: ='raw data'!ER73 -> 12.092255 | Z72: ='raw data'!EX73 -> 1089.9678 | AA72: ='raw data'!FD73 -> 163.75506 | AB72: ='raw data'!FJ73 -> 2.7691534 | AC72: ='raw data'!FP73 -> 1.2778385 | AD72: ='raw data'!FV73 -> 360.33502 | AE72: ='raw data'!GB73 -> 7.0003104 | AF72: ='raw data'!GH73 -> 0 | AG72: ='raw data'!GN73 -> 0 | AH72: ='raw data'!HF73 -> 0 | AI72: ='raw data'!HL73 -> 38444.501 | AJ72: ='raw data'!HR73 -> 541.20297 | AK72: ='raw data'!HX73 -> 4.9460662 | AL72: ='raw data'!ID73 -> 1500.7543 | AM72: ='raw data'!IJ73 -> 22.947139 | AN72: ='raw data'!IP73 -> 19.4927 | AO72: ='raw data'!IV73 -> 0 | AP72: ='raw data'!JB73 -> 42.048392 | AQ72: ='raw data'!JH73 -> 0.37993841 | AR72: ='raw data'!JN73 -> 29.446343 | AS72: ='raw data'!JT73 -> 2.0633793 | AT72: ='raw data'!JZ73 -> 10.882758 | AU72: ='raw data'!KF73 -> 176.24324 | AV72: ='raw data'!KL73 -> 0 | AW72: ='raw data'!KR73 -> 158.86102 | AX72: ='raw data'!KX73 -> 0 | AY72: ='raw data'!LD73 -> 2477.9311 | AZ72: ='raw data'!LJ73 -> 0 | BA72: ='raw data'!LP73 -> 12.544079 | BB72: ='raw data'!LV73 -> 272.479 | BC72: ='raw data'!MB73 -> 8.1213507 | BD72: ='raw data'!MH73 -> 312.19293 | BE72: ='raw data'!MN73 -> 2.1692181 | BF72: ='raw data'!MT73 -> 372.84601 | BG72: ='raw data'!MZ73 -> 134.97376 | BH72: ='raw data'!NF73 -> 85.676882 | BI72: ='raw data'!NL73 -> 0 | BJ72: ='raw data'!NR73 -> 0.44443494 | BK72: ='raw data'!NX73 -> 7.7574729 | BL72: ='raw data'!OD73 -> 6.0051814 | BM72: ='raw data'!OJ73 -> 0 | BN72: ='raw data'!OP73 -> 0.50303823 | BO72: ='raw data'!OV73 -> 0 | BP72: ='raw data'!PB73 -> 0.088693997 | BQ72: ='raw data'!PH73 -> 778.86962 | BR72: ='raw data'!PN73 -> 781.8715 | BS72: ='raw data'!PT73 -> 24.745812 | BT72: ='raw data'!PZ73 -> 3031.0229 | BU72: ='raw data'!QF73 -> 0.4477695 | BV72: ='raw data'!QL73 -> 62.38332 | BW72: ='raw data'!QR73 -> 0

Sheet raw data
A1: Sample | I1: 1-butanol Results | N1: d10-1-butanol (ISTD) Results | O1: 1-heptanol Results | T1: d7-heptyl alcohol​ (ISTD) Results | U1: 1-hexanol Results | Z1: d13-hexyl alcohol​ (ISTD) Results | AA1: 1-nonanol Results | AF1: d7-heptyl alcohol​ (ISTD) Results | AG1: 1-octen-3-ol Results | AL1: d3-1-octen-3-ol​ (ISTD) Results | AM1: 2,3 butane diol Results | AR1: d6-2,3 butane diol (ISTD) Results | AS1: 2-heptanol Results | AX1: d7-heptyl alcohol​ (ISTD) Results | AY1: 2-methyl-1-propanol Results | BD1: d13-hexyl alcohol​ (ISTD) Results | BE1: 2-methyl-butanoic acid Results | BJ1: d13-hexyl alcohol​ (ISTD) Results | BK1: 2-nonanone Results | BP1: d5-2-nonanone​ (ISTD) Results | BQ1: 3,4-dimethylphenol Results | BV1: d10-4-ethylphenol​ (ISTD) Results | BW1: 3-methyl thiopropanol Results | CB1: d13-hexyl alcohol​ (ISTD) Results | CC1: 3-methyl-1-butanol Results | CH1: d5-2-phenyl ethanol​ (ISTD) Results | CI1: 3-methyl-1-pentanol Results | CN1: d11-3-methyl-1-butanol​ (ISTD) Results | CO1: 3-octanol Results | CT1: d3-1-octen-3-ol​ (ISTD) Results | CU1: 4-ethyl guaiacol Results | CZ1: d5-4-ethyl-2-methoxyphenol​ (ISTD) Results | DA1: 4-ethylphenol Results | DF1: d10-4-ethylphenol​ (ISTD) Results | DG1: 4-vinylguaiacol Results | DL1: d5-4-ethyl-2-methoxyphenol​ (ISTD) Results | DM1: 4-vinylphenol Results | DR1: d5-2-phenyl ethanol​ (ISTD) Results | DS1: 5-methylfurfural Results | DX1: d3-furfural​ (ISTD) Results | DY1: acetovanillone Results | ED1: d3-acetovanillone (ISTD) Results | EE1: a-ionone Results | EJ1: d3-β-ionone​ (ISTD) Results | EK1: a-terpineol Results | EP1: d3-α-terpineol​ (ISTD) Results | EQ1: b-cintronellol Results | EV1: d4-diethyl succinate​ (ISTD) Results | EW1: B-damascenone Results | FB1: d4-diethyl succinate​ (ISTD) Results | FC1: benzyl alcohol Results | FH1: d5-2-phenyl ethanol​ (ISTD) Results | FI1: b-ionone Results | FN1: d3-β-ionone​ (ISTD) Results | FO1: butyl acetate Results | FT1: d3-3-methylbutyl acetate​ (ISTD) Results | FU1: butyric acid Results | FZ1: d2-limonene​ (ISTD) Results | GA1: cis-3-hexen-1-ol Results | GF1: d7-heptyl alcohol​ (ISTD) Results | GG1: cis-rose-oxide Results | GL1: d3-linalool​ (ISTD) Results | GM1: cis-whiskey lactone Results | GR1: d5-4-ethyl-2-methoxyphenol​ (ISTD) Results | GS1: d3-vanillin Results | GX1: d3-acetovanillone (ISTD) Results | GY1: d6-ethyl isobutyrate Results | HD1: d10-1-butanol (ISTD) Results | HE1: d6-nerol​ Results | HJ1: d3-β-ionone​ (ISTD) Results | HK1: decanoic acid Results | HP1: d3-furfural​ (ISTD) Results | HQ1: diacetyl Results | HV1: d11-3-methyl-1-butanol​ (ISTD) Results | HW1: diethyl glutarate Results | IB1: d4-diethyl succinate​ (ISTD) Results | IC1: diethyl succinate Results | IH1: d4-diethyl succinate​ (ISTD) Results | II1: Ethyl 2-methyl butyrate Results | IN1: d9-ethyl 2-methylbutyrate​ (ISTD) Results | IO1: Ethyl 3-methyl butyrate Results | IT1: d9-ethyl 3-methylbutyrate​ (ISTD) Results | IU1: Ethyl Acetate Results | IZ1: d3-3-methylbutyl acetate​ (ISTD) Results | JA1: Ethyl Butyrate Results | JF1: d3-ethyl butyrate (ISTD) Results | JG1: ethyl cinnamate Results | JL1: d5-ethyl trans-cinnamate​ (ISTD) Results | JM1: ethyl decanoate Results | JR1: d19-ethyl decanoate​ (ISTD) Results | JS1: ethyl heptanoate Results | JX1: d13-ethyl heptanoate​ (ISTD) Results | JY1: ethyl hexanoate Results | KD1: d11-ethyl hexanoate​ (ISTD) Results | KE1: ethyl isobutyrate Results | KJ1: d3-ethyl butyrate (ISTD) Results | KK1: ethyl L-(-)-lactate Results | KP1: d11-3-methyl-1-butanol​ (ISTD) Results | KQ1: ethyl octanoate Results | KV1: d13-ethyl heptanoate​ (ISTD) Results | KW1: ethyl vanillate Results | LB1: d3-eugenol​ (ISTD) Results | LC1: ethyl-2-hydroxy-4-methylpentanoate Results | LH1: d3-hexyl acetate​ (ISTD) Results | LI1: eugenol Results | LN1: d3-eugenol​ (ISTD) Results | LO1: furfural Results | LT1: d3-furfural​ (ISTD) Results | LU1: furfuryl alcohol Results | LZ1: d5-furfuryl alcohol (ISTD) Results | MA1: gamma-nonalactone Results | MF1: d7-γ-nonalactone​ (ISTD) Results | MG1: Hexanoic Acid Results | ML1: d11-hexnaoic acid​ (ISTD) Results | MM1: hexyl acetate Results | MR1: d3-hexyl acetate​ (ISTD) Results | MS1: isoamyl acetate Results | MX1: d3-3-methylbutyl acetate​ (ISTD) Results | MY1: isoamyl lactate Results | ND1: d11-ethyl hexanoate​ (ISTD) Results | NE1: isobutyl acetate Results | NJ1: d3-3-methylbutyl acetate​ (ISTD) Results | NK1: isoeugenol Results | NP1: d3-eugenol​ (ISTD) Results | NQ1: limonene Results | NV1: d2-limonene​ (ISTD) Results | NW1: Linalool Results | OB1: d3-linalool​ (ISTD) Results | OC1: linalool oxide Results | OH1: d3-linalool​ (ISTD) Results | OI1: methyl nonanoate Results | ON1: d15-methyl octanoate​ (ISTD) Results | OO1: methyl salicyclate Results | OT1: d3-eugenol​ (ISTD) Results | OU1: methyl vanillate Results | OZ1: d3-eugenol​ (ISTD) Results | PA1: nerol Results | PF1: d7-heptyl alcohol​ (ISTD) Results | PG1: nerolidol Results | PL1: d3-linalool​ (ISTD) Results | PM1: octanoic acid Results | PR1: d11-hexnaoic acid​ (ISTD) Results | PS1: phenethyl acetate Results | PX1: d5-benzyl acetate​ (ISTD) Results | PY1: Phenethyl alcohol Results | QD1: d5-2-phenyl ethanol​ (ISTD) Results | QE1: terpinen-4-ol Results | QJ1: d3-α-terpineol​ (ISTD) Results | QK1: trans-2-hexen-1-ol Results | QP1: d2-trans-2-hexen-1-ol​ (ISTD) Results | QQ1: trans-2-octen-1-ol Results | QV1: d3-1-octen-3-ol​ (ISTD) Results | QW1: vanillin Results | RB1: d3-eugenol​ (ISTD) Results
C2: Name | D2: Type | E2: Level | F2: Comment | G2: Dil. | H2: Acq. Date-Time | I2: RT | J2: Final Conc. | K2: Accuracy | L2: Area | M2: Calc. Conc. | N2: Area | O2: RT | P2: Final Conc. | Q2: Accuracy | R2: Area | S2: Calc. Conc. | T2: Area | U2: RT | V2: Final Conc. | W2: Accuracy | X2: Area | Y2: Calc. Conc. | Z2: Area | AA2: RT | AB2: Final Conc. | AC2: Accuracy | AD2: Area | AE2: Calc. Conc. | AF2: Area | AG2: RT | AH2: Final Conc. | AI2: Accuracy | AJ2: Area | AK2: Calc. Conc. | AL2: Area | AM2: RT | AN2: Final Conc. | AO2: Accuracy | AP2: Area | AQ2: Calc. Conc. | AR2: Area | AS2: RT | AT2: Final Conc. | AU2: Accuracy | AV2: Area | AW2: Calc. Conc. | AX2: Area | AY2: RT | AZ2: Final Conc. | BA2: Accuracy | BB2: Area | BC2: Calc. Conc. | BD2: Area | BE2: RT | BF2: Final Conc. | BG2: Accuracy | BH2: Area | BI2: Calc. Conc. | BJ2: Area | BK2: RT | BL2: Final Conc. | BM2: Accuracy | BN2: Area | BO2: Calc. Conc. | BP2: Area | BQ2: RT | BR2: Final Conc. | BS2: Accuracy | BT2: Area | BU2: Calc. Conc. | BV2: Area | BW2: RT | BX2: Final Conc. | BY2: Accuracy | BZ2: Area | CA2: Calc. Conc. | CB2: Area | CC2: RT | CD2: Final Conc. | CE2: Accuracy | CF2: Area | CG2: Calc. Conc. | CH2: Area | CI2: RT | CJ2: Final Conc. | CK2: Accuracy | CL2: Area | CM2: Calc. Conc. | CN2: Area | CO2: RT | CP2: Final Conc. | CQ2: Accuracy | CR2: Area | CS2: Calc. Conc. | CT2: Area | CU2: RT | CV2: Final Conc. | CW2: Accuracy | CX2: Area | CY2: Calc. Conc. | CZ2: Area | DA2: RT | DB2: Final Conc. | DC2: Accuracy | DD2: Area | DE2: Calc. Conc. | DF2: Area | DG2: RT | DH2: Final Conc. | DI2: Accuracy | DJ2: Area | DK2: Calc. Conc. | DL2: Area | DM2: RT | DN2: Final Conc. | DO2: Accuracy | DP2: Area | DQ2: Calc. Conc. | DR2: Area | DS2: RT | DT2: Final Conc. | DU2: Accuracy | DV2: Area | DW2: Calc. Conc. | DX2: Area | DY2: RT | DZ2: Final Conc. | EA2: Accuracy | EB2: Area | EC2: Calc. Conc. | ED2: Area | EE2: RT | EF2: Final Conc. | EG2: Accuracy | EH2: Area | EI2: Calc. Conc. | EJ2: Area | EK2: RT | EL2: Final Conc. | EM2: Accuracy | EN2: Area | EO2: Calc. Conc. | EP2: Area | EQ2: RT | ER2: Final Conc. | ES2: Accuracy | ET2: Area | EU2: Calc. Conc. | EV2: Area | EW2: RT | EX2: Final Conc. | EY2: Accuracy | EZ2: Area | FA2: Calc. Conc. | FB2: Area | FC2: RT | FD2: Final Conc. | FE2: Accuracy | FF2: Area | FG2: Calc. Conc. | FH2: Area | FI2: RT | FJ2: Final Conc. | FK2: Accuracy | FL2: Area | FM2: Calc. Conc. | FN2: Area | FO2: RT | FP2: Final Conc. | FQ2: Accuracy | FR2: Area | FS2: Calc. Conc. | FT2: Area | FU2: RT | FV2: Final Conc. | FW2: Accuracy | FX2: Area | FY2: Calc. Conc. | FZ2: Area | GA2: RT | GB2: Final Conc. | GC2: Accuracy | GD2: Area | GE2: Calc. Conc. | GF2: Area | GG2: RT | GH2: Final Conc. | GI2: Accuracy | GJ2: Area | GK2: Calc. Conc. | GL2: Area | GM2: RT | GN2: Final Conc. | GO2: Accuracy | GP2: Area | GQ2: Calc. Conc. | GR2: Area | GS2: RT | GT2: Final Conc. | GU2: Accuracy | GV2: Area | GW2: Calc. Conc. | GX2: Area | GY2: RT | GZ2: Final Conc. | HA2: Accuracy | HB2: Area | HC2: Calc. Conc. | HD2: Area | HE2: RT | HF2: Final Conc. | HG2: Accuracy | HH2: Area | HI2: Calc. Conc. | HJ2: Area | HK2: RT | HL2: Final Conc. | HM2: Accuracy | HN2: Area | HO2: Calc. Conc. | HP2: Area | HQ2: RT | HR2: Final Conc. | HS2: Accuracy | HT2: Area | HU2: Calc. Conc. | HV2: Area | HW2: RT | HX2: Final Conc. | HY2: Accuracy | HZ2: Area | IA2: Calc. Conc. | IB2: Area | IC2: RT | ID2: Final Conc. | IE2: Accuracy | IF2: Area | IG2: Calc. Conc. | IH2: Area | II2: RT | IJ2: Final Conc. | IK2: Accuracy | IL2: Area | IM2: Calc. Conc. | IN2: Area | IO2: RT | IP2: Final Conc. | IQ2: Accuracy | IR2: Area | IS2: Calc. Conc. | IT2: Area | IU2: RT | IV2: Final Conc. | IW2: Accuracy | IX2: Area | IY2: Calc. Conc. | IZ2: Area | JA2: RT | JB2: Final Conc. | JC2: Accuracy | JD2: Area | JE2: Calc. Conc. | JF2: Area | JG2: RT | JH2: Final Conc. | JI2: Accuracy | JJ2: Area | JK2: Calc. Conc. | JL2: Area | JM2: RT | JN2: Final Conc. | JO2: Accuracy | JP2: Area | JQ2: Calc. Conc. | JR2: Area | JS2: RT | JT2: Final Conc. | JU2: Accuracy | JV2: Area | JW2: Calc. Conc. | JX2: Area | JY2: RT | JZ2: Final Conc. | KA2: Accuracy | KB2: Area | KC2: Calc. Conc. | KD2: Area | KE2: RT | KF2: Final Conc. | KG2: Accuracy | KH2: Area | KI2: Calc. Conc. | KJ2: Area | KK2: RT | KL2: Final Conc. | KM2: Accuracy | KN2: Area | KO2: Calc. Conc. | KP2: Area | KQ2: RT | KR2: Final Conc. | KS2: Accuracy | KT2: Area | KU2: Calc. Conc. | KV2: Area | KW2: RT | KX2: Final Conc. | KY2: Accuracy | KZ2: Area | LA2: Calc. Conc. | LB2: Area | LC2: RT | LD2: Final Conc. | LE2: Accuracy | LF2: Area | LG2: Calc. Conc. | LH2: Area | LI2: RT | LJ2: Final Conc. | LK2: Accuracy | LL2: Area | LM2: Calc. Conc. | LN2: Area | LO2: RT | LP2: Final Conc. | LQ2: Accuracy | LR2: Area | LS2: Calc. Conc. | LT2: Area | LU2: RT | LV2: Final Conc. | LW2: Accuracy | LX2: Area | LY2: Calc. Conc. | LZ2: Area | MA2: RT | MB2: Final Conc. | MC2: Accuracy | MD2: Area | ME2: Calc. Conc. | MF2: Area | MG2: RT | MH2: Final Conc. | MI2: Accuracy | MJ2: Area | MK2: Calc. Conc. | ML2: Area | MM2: RT | MN2: Final Conc. | MO2: Accuracy | MP2: Area | MQ2: Calc. Conc. | MR2: Area | MS2: RT | MT2: Final Conc. | MU2: Accuracy | MV2: Area | MW2: Calc. Conc. | MX2: Area | MY2: RT | MZ2: Final Conc. | NA2: Accuracy | NB2: Area | NC2: Calc. Conc. | ND2: Area | NE2: RT | NF2: Final Conc. | NG2: Accuracy | NH2: Area | NI2: Calc. Conc. | NJ2: Area | NK2: RT | NL2: Final Conc. | NM2: Accuracy | NN2: Area | NO2: Calc. Conc. | NP2: Area | NQ2: RT | NR2: Final Conc. | NS2: Accuracy | NT2: Area | NU2: Calc. Conc. | NV2: Area | NW2: RT | NX2: Final Conc. | NY2: Accuracy | NZ2: Area | OA2: Calc. Conc. | OB2: Area | OC2: RT | OD2: Final Conc. | OE2: Accuracy | OF2: Area | OG2: Calc. Conc. | OH2: Area | OI2: RT | OJ2: Final Conc. | OK2: Accuracy | OL2: Area | OM2: Calc. Conc. | ON2: Area | OO2: RT | OP2: Final Conc. | OQ2: Accuracy | OR2: Area | OS2: Calc. Conc. | OT2: Area | OU2: RT | OV2: Final Conc. | OW2: Accuracy | OX2: Area | OY2: Calc. Conc. | OZ2: Area | PA2: RT | PB2: Final Conc. | PC2: Accuracy | PD2: Area | PE2: Calc. Conc. | PF2: Area | PG2: RT | PH2: Final Conc. | PI2: Accuracy | PJ2: Area | PK2: Calc. Conc. | PL2: Area | PM2: RT | PN2: Final Conc. | PO2: Accuracy | PP2: Area | PQ2: Calc. Conc. | PR2: Area | PS2: RT | PT2: Final Conc. | PU2: Accuracy | PV2: Area | PW2: Calc. Conc. | PX2: Area | PY2: RT | PZ2: Final Conc. | QA2: Accuracy | QB2: Area | QC2: Calc. Conc. | QD2: Area | QE2: RT | QF2: Final Conc. | QG2: Accuracy | QH2: Area | QI2: Calc. Conc. | QJ2: Area | QK2: RT | QL2: Final Conc. | QM2: Accuracy | QN2: Area | QO2: Calc. Conc. | QP2: Area | QQ2: RT | QR2: Final Conc. | QS2: Accuracy | QT2: Area | QU2: Calc. Conc. | QV2: Area | QW2: RT | QX2: Final Conc. | QY2: Accuracy | QZ2: Area | RA2: Calc. Conc. | RB2: Area
C3: CoBerry-1-1 | D3: Sample | G3: 1 | H3: 46094.673 | I3: 19.770033 | J3: 80.330783 | L3: 3.3448378e+08 | M3: 80.330783 | N3: 4394066.1 | O3: 40.4404 | P3: 16.498006 | R3: 29976.468 | S3: 16.498006 | T3: 718110.82 | U3: 34.341567 | V3: 0 | X3: 98086457 | Y3: 0 | Z3: 35602779 | AA3: 52.459967 | AB3: 1.0663582 | AD3: 165898.34 | AE3: 1.0663582 | AF3: 718110.82 | AG3: 39.50825 | AH3: 0.1995125 | AJ3: 4153.1788 | AK3: 0.1995125 | AL3: 18815.143 | AM3: 47.989267 | AN3: 81158.332 | AP3: 163194.6 | AQ3: 81158.332 | AR3: 18946.661 | AS3: 32.16385 | AT3: 4.8530104 | AV3: 135239.04 | AW3: 4.8530104 | AX3: 718110.82 | AY3: 35.021833 | AZ3: 2750.7619 | BB3: 214594.26 | BC3: 2750.7619 | BD3: 35602779 | BE3: 53.218633 | BF3: 120.65137 | BH3: 7007996.6 | BI3: 120.65137 | BJ3: 35602779 | BK3: 35.262983 | BL3: 0 | BN3: 71925.564 | BO3: 0 | BP3: 2694230 | BQ3: 78.659983 | BR3: 0 | BT3: 14530.783 | BU3: 0 | BV3: 1883241.3 | BW3: 55.784683 | BX3: 0 | BZ3: 732748.63 | CA3: 0 | CB3: 35602779 | CC3: 24.732217 | CD3: 4295.9958 | CF3: 14792067 | CG3: 4295.9958 | CH3: 62545941 | CI3: 32.734417 | CJ3: 55.911331 | CL3: 1526397.2 | CM3: 55.911331 | CN3: 64022265 | CO3: 36.47005 | CP3: 0.57731571 | CR3: 28219.043 | CS3: 0.57731571 | CT3: 18815.143 | CU3: 71.784383 | CV3: 0.80288396 | CX3: 35041.101 | CY3: 0.80288396 | CZ3: 1057835.9 | DA3: 78.660533 | DB3: 0 | DD3: 16217.457 | DE3: 0 | DF3: 1883241.3 | DG3: 79.509783 | DH3: 1.1191337 | DJ3: 16132.236 | DK3: 1.1191337 | DL3: 1057835.9 | DM3: 88.088083 | DN3: 11.852753 | DP3: 14895.85 | DQ3: 11.852753 | DR3: 62545941 | DS3: 47.086333 | DT3: 1.8807312 | DV3: 49959.766 | DW3: 1.8807312 | DX3: 1039426.2 | DY3: 100.0002 | DZ3: 2.847898 | EB3: 9128.5378 | EC3: 2.847898 | ED3: 23319.502 | EE3: 62.5398 | EF3: 0 | EH3: 17190.38 | EI3: 0 | EJ3: 209557.77 | EK3: 54.5044 | EL3: 3.3452245 | EN3: 32512.734 | EO3: 3.3452245 | EP3: 37849.22 | EQ3: 58.36585 | ER3: 13.901689 | ET3: 8402.3852 | EU3: 13.901689 | EV3: 39758342 | EW3: 60.926367 | EX3: 1124.1194 | EZ3: 479154.28 | FA3: 1124.1194 | FB3: 39758342 | FC3: 64.230833 | FD3: 265.28418 | FF3: 6308205.2 | FG3: 265.28418 | FH3: 62545941 | FI3: 67.0892 | FJ3: 0.92670216 | FL3: 27801.863 | FM3: 0.92670216 | FN3: 209557.77 | FO3: 17.14355 | FP3: 0.79494369 | FR3: 35029.095 | FS3: 0.79494369 | FT3: 7257990.6 | FU3: 50.64385 | FV3: 188.61833 | FX3: 14547284 | FY3: 188.61833 | FZ3: 74177.141 | GA3: 34.339983 | GB3: 0 | GD3: 40673384 | GE3: 0 | GF3: 718110.82 | GG3: 33.741133 | GH3: 0 | GJ3: 4968.2698 | GK3: 0 | GL3: 12719.249 | GM3: 68.08675 | GN3: 0 | GP3: 1032.9057 | GQ3: 0 | GR3: 1057835.9 | GS3: 95.612183 | GV3: 2647.9972 | GX3: 23319.502 | HD3: 4394066.1 | HE3: 60.621933 | HH3: 2984.5068 | HJ3: 209557.77 | HK3: 82.229183 | HL3: 230923.11 | HN3: 867152.6 | HO3: 230923.11 | HP3: 1039426.2 | HQ3: 14.305433 | HR3: 0 | HT3: 49612.996 | HU3: 0 | HV3: 64022265 | HW3: 58.9467 | HX3: 4.1076672 | HZ3: 107472.6 | IA3: 4.1076672 | IB3: 39758342 | IC3: 53.216283 | ID3: 1619.491 | IF3: 72954609 | IG3: 1619.491 | IH3: 39758342 | II3: 15.213383 | IJ3: 18.307917 | IL3: 2086251.4 | IM3: 18.307917 | IN3: 671667.94 | IO3: 15.98545 | IP3: 22.42976 | IR3: 2211666 | IS3: 22.42976 | IT3: 774687 | IU3: 7.7544833 | IV3: 5563.1076 | IX3: 2.6883377e+08 | IY3: 5563.1076 | IZ3: 7257990.6 | JA3: 14.327583 | JB3: 55.401453 | JD3: 2299691.5 | JE3: 55.401453 | JF3: 774175.91 | JG3: 76.51735 | JH3: 0.4231299 | JJ3: 30703.596 | JK3: 0.4231299 | JL3: 2869542.2 | JM3: 50.641633 | JN3: 14.037872 | JP3: 47649251 | JQ3: 14.037872 | JR3: 1.8796757e+08 | JS3: 31.340267 | JT3: 1.4273572 | JV3: 401136.23 | JW3: 1.4273572 | JX3: 23397341 | JY3: 24.72925 | JZ3: 10.207492 | KB3: 34270380 | KC3: 10.207492 | KD3: 7987953.7 | KE3: 10.798483 | KF3: 400.3772 | KH3: 878352.44 | KI3: 400.3772 | KJ3: 774175.91 | KK3: 33.97095 | KL3: 21435.572 | KN3: 63722445 | KO3: 21435.572 | KP3: 64022265 | KQ3: 37.987017 | KR3: 145.37834 | KT3: 75615829 | KU3: 145.37834 | KV3: 23397341 | KW3: 99.969483 | KX3: 0 | KZ3: 2047.743 | LA3: 0 | LB3: 16134.181 | LC3: 45.55725 | LD3: 5441.1641 | LF3: 10568387 | LG3: 5441.1641 | LH3: 402075.59 | LI3: 78.168517 | LJ3: 0 | LL3: 6588.4773 | LM3: 0 | LN3: 16134.181 | LO3: 40.501017 | LP3: 11.619044 | LR3: 929868.55 | LS3: 11.619044 | LT3: 1039426.2 | LU3: 52.45375 | LV3: 262.57484 | LX3: 23993.137 | LY3: 262.57484 | LZ3: 51271.15 | MA3: 71.634683 | MB3: 6.2670151 | MD3: 90289.206 | ME3: 6.2670151 | MF3: 1080715.3 | MG3: 63.186733 | MH3: 366.16221 | MJ3: 5065726.7 | MK3: 366.16221 | ML3: 891710.42 | MM3: 27.3625 | MN3: 1.3162683 | MP3: 63934.049 | MQ3: 1.3162683 | MR3: 402075.59 | MS3: 18.71815 | MT3: 344.77386 | MV3: 42923733 | MW3: 344.77386 | MX3: 7257990.6 | MY3: 47.136733 | MZ3: 560.56389 | NB3: 4429314.4 | NC3: 560.56389 | ND3: 7987953.7 | NE3: 13.17885 | NF3: 0 | NH3: 260664.2 | NI3: 0 | NJ3: 7257990.6 | NK3: 86.3263 | NL3: 0 | NN3: 444.54053 | NO3: 0 | NP3: 16134.181 | NQ3: 21.863283 | NR3: 0.19432485 | NT3: 192942.58 | NU3: 0.19432485 | NV3: 74177.141 | NW3: 45.762417 | NX3: 7.4266935 | NZ3: 19467.114 | OA3: 7.4266935 | OB3: 12719.249 | OC3: 41.288967 | OD3: 8.609931 | OF3: 29568.739 | OG3: 8.609931 | OH3: 12719.249 | OI3: 41.589167 | OJ3: 0 | OL3: 213.36527 | OM3: 0 | ON3: 81289398 | OO3: 58.3478 | OP3: 0.62681568 | OR3: 396428.06 | OS3: 0.62681568 | OT3: 16134.181 | OU3: 98.001683 | OV3: 3.2974894 | OX3: 10290.383 | OY3: 3.2974894 | OZ3: 16134.181 | PA3: 58.34045 | PB3: 0.42058653 | PD3: 49605.441 | PE3: 0.42058653 | PF3: 718110.82 | PG3: 71.3259 | PH3: 210.07853 | PJ3: 61245.94 | PK3: 210.07853 | PL3: 12719.249 | PM3: 74.062967 | PN3: 1145.3635 | PP3: 140397.8 | PQ3: 1145.3635 | PR3: 891710.42 | PS3: 60.680683 | PT3: 24.40157 | PV3: 5209961.1 | PW3: 24.40157 | PX3: 17067812 | PY3: 66.07855 | PZ3: 3927.064 | QB3: 4.1252937e+08 | QC3: 3927.064 | QD3: 62545941 | QE3: 48.943017 | QF3: 0.22662696 | QH3: 7076.9356 | QI3: 0.22662696 | QJ3: 37849.22 | QK3: 37.9845 | QL3: 40.699293 | QN3: 2952385.1 | QO3: 40.699293 | QP3: 23100.907 | QQ3: 47.080167 | QR3: 0 | QT3: 6725.2333 | QU3: 0 | QV3: 18815.143 | QW3: 95.762367 | QX3: 0 | QZ3: 23043.031 | RA3: 0 | RB3: 16134.181
C4: CoBerry-1-2 | D4: Sample | G4: 1 | H4: 46094.749 | I4: 18.84805 | J4: 63.666724 | L4: 2.4710381e+08 | M4: 63.666724 | N4: 3263590 | O4: 40.427017 | P4: 18.654766 | R4: 25009.23 | S4: 18.654766 | T4: 558966.89 | U4: 34.181033 | V4: 171.74243 | X4: 84390243 | Y4: 171.74243 | Z4: 25758527 | AA4: 52.553567 | AB4: 1.1018587 | AD4: 132644.88 | AE4: 1.1018587 | AF4: 558966.89 | AG4: 39.481517 | AH4: 0.29993873 | AJ4: 3616.2172 | AK4: 0.29993873 | AL4: 14384.052 | AM4: 47.975883 | AN4: 76245.747 | AP4: 127738.02 | AQ4: 76245.747 | AR4: 15074.531 | AS4: 31.989983 | AT4: 5.2427558 | AV4: 109600.35 | AW4: 5.2427558 | AX4: 558966.89 | AY4: 35.202367 | AZ4: 3217.7623 | BB4: 181231.18 | BC4: 3217.7623 | BD4: 25758527 | BE4: 53.285567 | BF4: 132.68124 | BH4: 5145244 | BI4: 132.68124 | BJ4: 25758527 | BK4: 35.36355 | BL4: 0 | BN4: 57664.479 | BO4: 0 | BP4: 1925541.8 | BQ4: 78.666667 | BR4: 0 | BT4: 13474.489 | BU4: 0 | BV4: 995134.07 | BW4: 55.778 | BX4: 0 | BZ4: 573068.45 | CA4: 0 | CB4: 25758527 | CC4: 24.778983 | CD4: 4499.6257 | CF4: 12372074 | CG4: 4499.6257 | CH4: 50020112 | CI4: 32.527233 | CJ4: 46.018788 | CL4: 1211253.2 | CM4: 46.018788 | CN4: 57457177 | CO4: 36.449983 | CP4: 0.61505368 | CR4: 22809.612 | CS4: 0.61505368 | CT4: 14384.052 | CU4: 71.79775 | CV4: 1.0070577 | CX4: 23992.568 | CY4: 1.0070577 | CZ4: 611415.85 | DA4: 78.6806 | DB4: 0 | DD4: 12069.165 | DE4: 0 | DF4: 995134.07 | DG4: 79.516467 | DH4: 1.1330378 | DJ4: 9372.081 | DK4: 1.1330378 | DL4: 611415.85 | DM4: 88.101433 | DN4: 10.655928 | DP4: 11063.832 | DQ4: 10.655928 | DR4: 50020112 | DS4: 47.113083 | DT4: 2.1224183 | DV4: 41556.326 | DW4: 2.1224183 | DX4: 803600.86 | DY4: 100.0002 | DZ4: 1.5116108 | EB4: 3170.5574 | EC4: 1.5116108 | ED4: 8202.1101 | EE4: 62.593217 | EF4: 0 | EH4: 14971.785 | EI4: 0 | EJ4: 99889.078 | EK4: 54.5846 | EL4: 4.6953871 | EN4: 25934.181 | EO4: 4.6953871 | EP4: 23348.38 | EQ4: 58.4525 | ER4: 12.720833 | ET4: 5437.3476 | EU4: 12.720833 | EV4: 28190750 | EW4: 61.053217 | EX4: 1174.0431 | EZ4: 354559.36 | FA4: 1174.0431 | FB4: 28190750 | FC4: 64.2375 | FD4: 234.20668 | FF4: 4830943 | FG4: 234.20668 | FH4: 50020112 | FI4: 67.176017 | FJ4: 1.2206453 | FL4: 15683.698 | FM4: 1.2206453 | FN4: 99889.078 | FO4: 16.876817 | FP4: 0.81090221 | FR4: 26460.541 | FS4: 0.81090221 | FT4: 5400992.4 | FU4: 50.790733 | FV4: 168.30513 | FX4: 12578251 | FY4: 168.30513 | FZ4: 71876.559 | GA4: 34.18615 | GB4: 0 | GD4: 33337020 | GE4: 0 | GF4: 558966.89 | GG4: 33.8419 | GH4: 0 | GJ4: 4715.8821 | GK4: 0 | GL4: 9543.3443 | GM4: 68.133467 | GN4: 0 | GP4: 565.33237 | GQ4: 0 | GR4: 611415.85 | GS4: 95.6055 | GV4: 163.06492 | GX4: 8202.1101 | GY4: 7.9191667 | HB4: 314.89671 | HD4: 3263590 | HE4: 60.61525 | HH4: 1609.649 | HJ4: 99889.078 | HK4: 82.255883 | HL4: 79524.739 | HN4: 231151.68 | HO4: 79524.739 | HP4: 803600.86 | HQ4: 12.646117 | HR4: 676.66581 | HT4: 122720.35 | HU4: 676.66581 | HV4: 57457177 | HW4: 58.9935 | HX4: 4.40243 | HZ4: 80790.54 | IA4: 4.40243 | IB4: 28190750 | IC4: 53.289933 | ID4: 2162.4567 | IF4: 61296681 | IG4: 2162.4567 | IH4: 28190750 | II4: 14.99935 | IJ4: 17.603259 | IL4: 2038425.5 | IM4: 17.603259 | IN4: 675419.36 | IO4: 15.738 | IP4: 24.191412 | IR4: 1990783.3 | IS4: 24.191412 | IT4: 655867.54 | IU4: 7.53415 | IV4: 0 | IX4: 1.6432435e+08 | IY4: 0 | IZ4: 5400992.4 | JA4: 14.05335 | JB4: 55.35405 | JD4: 2827685.2 | JE4: 55.35405 | JF4: 952412.84 | JG4: 76.503983 | JH4: 0.52357665 | JJ4: 23328.478 | JK4: 0.52357665 | JL4: 1859337.5 | JM4: 50.7952 | JN4: 16.199506 | JP4: 41613444 | JQ4: 16.199506 | JR4: 1.4231422e+08 | JS4: 31.5149 | JT4: 1.6626927 | JV4: 367703.1 | JW4: 1.6626927 | JX4: 18511013 | JY4: 24.776017 | JZ4: 11.115049 | KB4: 29327085 | KC4: 11.115049 | KD4: 6302632 | KE4: 10.7384 | KF4: 347.86333 | KH4: 977712.76 | KI4: 347.86333 | KJ4: 952412.84 | KK4: 33.676617 | KL4: 12573.292 | KN4: 54363714 | KO4: 12573.292 | KP4: 57457177 | KQ4: 38.180133 | KR4: 166.125 | KT4: 68333765 | KU4: 166.125 | KV4: 18511013 | KW4: 99.969483 | KX4: 0 | KZ4: 1081.3454 | LA4: 0 | LB4: 7579.7125 | LC4: 45.588583 | LD4: 4556.1747 | LF4: 8687086.6 | LG4: 4556.1747 | LH4: 394624.26 | LI4: 78.268733 | LJ4: 0 | LL4: 3405.8091 | LM4: 0 | LN4: 7579.7125 | LO4: 40.4609 | LP4: 22.163336 | LR4: 863412.3 | LS4: 22.163336 | LT4: 803600.86 | LU4: 52.5674 | LV4: 235.16618 | LX4: 21258.47 | LY4: 235.16618 | LZ4: 50114.551 | MA4: 71.634667 | MB4: 5.8231163 | MD4: 50413.493 | ME4: 5.8231163 | MF4: 629128.86 | MG4: 63.2335 | MH4: 484.85344 | MJ4: 2908223 | MK4: 484.85344 | ML4: 447176.35 | MM4: 27.456 | MN4: 1.4793391 | MP4: 69179.487 | MQ4: 1.4793391 | MR4: 394624.26 | MS4: 18.503933 | MT4: 352.27976 | MV4: 32218593 | MW4: 352.27976 | MX4: 5400992.4 | MY4: 47.17685 | MZ4: 573.9663 | NB4: 3567728.4 | NC4: 573.9663 | ND4: 6302632 | NE4: 12.9982 | NF4: 106.03035 | NH4: 1509406.5 | NI4: 106.03035 | NJ4: 5400992.4 | NK4: 86.339633 | NL4: 0 | NN4: 330.42774 | NO4: 0 | NP4: 7579.7125 | NQ4: 21.696883 | NR4: 0.35912065 | NT4: 219124.79 | NU4: 0.35912065 | NV4: 71876.559 | NW4: 45.829233 | NX4: 6.1140766 | NZ4: 12267.447 | OA4: 6.1140766 | OB4: 9543.3443 | OC4: 41.255533 | OD4: 8.8569735 | OF4: 22675.348 | OG4: 8.8569735 | OH4: 9543.3443 | OI4: 41.8162 | OJ4: 0 | OL4: 216.78202 | OM4: 0 | ON4: 65137192 | OO4: 58.4681 | OP4: 0.52953579 | OR4: 128836.16 | OS4: 0.52953579 | OT4: 7579.7125 | OU4: 98.015033 | OV4: 1.4400919 | OX4: 4525.7915 | OY4: 1.4400919 | OZ4: 7579.7125 | PA4: 58.474217 | PB4: 0.10668455 | PD4: 16332.407 | PE4: 0.10668455 | PF4: 558966.89 | PG4: 71.30585 | PH4: 0 | PJ4: 7632.7047 | PK4: 0 | PL4: 9543.3443 | PM4: 74.1831 | PN4: 776.87956 | PP4: 50315.773 | PQ4: 776.87956 | PR4: 447176.35 | PS4: 60.7875 | PT4: 27.114198 | PV4: 4104710.5 | PW4: 27.114198 | PX4: 12190193 | PY4: 66.0919 | PZ4: 2613.3017 | QB4: 3.1706943e+08 | QC4: 2613.3017 | QD4: 50020112 | QE4: 49.016967 | QF4: 0.24926912 | QH4: 4639.1399 | QI4: 0.24926912 | QJ4: 23348.38 | QK4: 38.177917 | QL4: 58.091826 | QN4: 2532200.1 | QO4: 58.091826 | QP4: 13896.736 | QQ4: 47.126967 | QR4: 0 | QT4: 6260.4991 | QU4: 0 | QV4: 14384.052 | QW4: 95.76905 | QX4: 0 | QZ4: 7702.7528 | RA4: 0 | RB4: 7579.7125
C5: CoBerry-1-3 | D5: Sample | G5: 1 | H5: 46094.825 | I5: 17.999767 | J5: 79.451582 | L5: 1.4585741e+08 | M5: 79.451582 | N5: 1916648 | O5: 40.40695 | P5: 17.860812 | R5: 31187.568 | S5: 17.860812 | T5: 714686.47 | U5: 34.067333 | V5: 185.6413 | X5: 81261603 | Y5: 185.6413 | Z5: 24550685 | AA5: 52.5803 | AB5: 1.1093663 | AD5: 170547.35 | AE5: 1.1093663 | AF5: 714686.47 | AG5: 39.408083 | AH5: 0.34596711 | AJ5: 4605.5968 | AK5: 0.34596711 | AL5: 17349.43 | AM5: 47.99595 | AN5: 78923.702 | AP5: 221695.96 | AQ5: 78923.702 | AR5: 25929.759 | AS5: 31.863 | AT5: 2.4832862 | AV5: 100914.92 | AW5: 2.4832862 | AX5: 714686.47 | AY5: 35.309533 | AZ5: 2847.1497 | BB5: 153087.57 | BC5: 2847.1497 | BD5: 24550685 | BE5: 53.332433 | BF5: 152.7996 | BH5: 5023484.4 | BI5: 152.7996 | BJ5: 24550685 | BK5: 35.39675 | BL5: 0 | BN5: 28398.806 | BO5: 0 | BP5: 1940168 | BQ5: 78.67335 | BR5: 0 | BT5: 21698.271 | BU5: 0 | BV5: 1685559.4 | BW5: 55.784683 | BX5: 199.71802 | BZ5: 958243.78 | CA5: 199.71802 | CB5: 24550685 | CC5: 24.799033 | CD5: 2055.5417 | CF5: 8297396.7 | CG5: 2055.5417 | CH5: 70796344 | CI5: 32.3741 | CJ5: 50.68722 | CL5: 864053.32 | CM5: 50.68722 | CN5: 38601758 | CO5: 36.422983 | CP5: 0.52992683 | CR5: 24148.182 | CS5: 0.52992683 | CT5: 17349.43 | CU5: 71.791067 | CV5: 0.84963247 | CX5: 32202.146 | CY5: 0.84963247 | CZ5: 932704.65 | DA5: 78.6806 | DB5: 0 | DD5: 17643.333 | DE5: 0 | DF5: 1685559.4 | DG5: 79.516467 | DH5: 0.84542812 | DJ5: 12787.005 | DK5: 0.84542812 | DL5: 932704.65 | DM5: 88.094767 | DN5: 6.2211097 | DP5: 11207.228 | DQ5: 6.2211097 | DR5: 70796344 | DS5: 47.0997 | DT5: 5.7795278 | DV5: 80948.178 | DW5: 5.7795278 | DX5: 757154.8 | DY5: 100.00687 | DZ5: 1.1596179 | EB5: 3796.6607 | EC5: 1.1596179 | ED5: 9854.7289 | EE5: 62.633283 | EF5: 0 | EH5: 7698.6004 | EI5: 0 | EJ5: 156302.34 | EK5: 54.604633 | EL5: 3.9750214 | EN5: 45084.317 | EO5: 3.9750214 | EP5: 46172.405 | EQ5: 58.47255 | ER5: 10.830995 | ET5: 7213.8549 | EU5: 10.830995 | EV5: 44166101 | EW5: 61.093267 | EX5: 928.31412 | EZ5: 441248.66 | FA5: 928.31412 | FB5: 44166101 | FC5: 64.2375 | FD5: 259.66009 | FF5: 7085518.5 | FG5: 259.66009 | FH5: 70796344 | FI5: 67.2161 | FJ5: 0.8322154 | FL5: 19513.501 | FM5: 0.8322154 | FN5: 156302.34 | FO5: 16.57615 | FP5: 1.1907091 | FR5: 21133.919 | FS5: 1.1907091 | FT5: 3185378.1 | FU5: 50.90485 | FV5: 155.52413 | FX5: 12486825 | FY5: 155.52413 | FZ5: 77216.977 | GA5: 34.07245 | GB5: 0 | GD5: 33990145 | GE5: 0 | GF5: 714686.47 | GG5: 33.8954 | GH5: 0 | GJ5: 4249.2154 | GK5: 0 | GL5: 17017.466 | GM5: 68.153483 | GN5: 0 | GP5: 445.17781 | GQ5: 0 | GR5: 932704.65 | GS5: 95.6322 | GV5: 559.5032 | GX5: 9854.7289 | HD5: 1916648 | HE5: 60.621933 | HH5: 4953.358 | HJ5: 156302.34 | HK5: 82.229183 | HL5: 81039.576 | HN5: 221932.78 | HO5: 81039.576 | HP5: 757154.8 | HQ5: 11.435983 | HR5: 9579.0232 | HT5: 289589.97 | HU5: 9579.0232 | HV5: 38601758 | HW5: 59.033733 | HX5: 3.8612661 | HZ5: 113380.32 | IA5: 3.8612661 | IB5: 44166101 | IC5: 53.3234 | ID5: 1822.2011 | IF5: 86639023 | IG5: 1822.2011 | IH5: 44166101 | II5: 14.604733 | IJ5: 18.984822 | IL5: 1407112.1 | IM5: 18.984822 | IN5: 441008.59 | IO5: 15.417 | IP5: 24.558236 | IR5: 1298026.2 | IS5: 24.558236 | IT5: 422408.93 | IU5: 7.53415 | IV5: 0 | IX5: 86770458 | IY5: 0 | IZ5: 3185378.1 | JA5: 13.7397 | JB5: 46.461451 | JD5: 1988263.4 | JE5: 46.461451 | JF5: 741479.04 | JG5: 76.51735 | JH5: 0.47561059 | JJ5: 24162.256 | JK5: 0.47561059 | JL5: 2071391.5 | JM5: 50.90235 | JN5: 15.731134 | JP5: 41234125 | JQ5: 15.731134 | JR5: 1.4520339e+08 | JS5: 31.608467 | JT5: 1.6524717 | JV5: 295089.82 | JW5: 1.6524717 | JX5: 14944354 | JY5: 24.80275 | JZ5: 11.042257 | KB5: 20019274 | KC5: 11.042257 | KD5: 4329388 | KE5: 10.72505 | KF5: 279.01961 | KH5: 656193.78 | KI5: 279.01961 | KJ5: 741479.04 | KK5: 33.50275 | KL5: 136388.44 | KN5: 63033801 | KO5: 136388.44 | KP5: 38601758 | KQ5: 38.313433 | KR5: 188.22847 | KT5: 62486689 | KU5: 188.22847 | KV5: 14944354 | KW5: 99.982833 | KX5: 0 | KZ5: 1560.3607 | LA5: 0 | LB5: 12133.716 | LC5: 45.600217 | LD5: 9011.5403 | LF5: 12580276 | LG5: 9011.5403 | LH5: 289099.18 | LI5: 78.18855 | LJ5: 0 | LL5: 1548.9677 | LM5: 0 | LN5: 12133.716 | LO5: 40.427467 | LP5: 36.78797 | LR5: 1002359.5 | LS5: 36.78797 | LT5: 757154.8 | LU5: 52.580783 | LV5: 169.29029 | LX5: 36854.879 | LY5: 169.29029 | LZ5: 115531.73 | MA5: 71.634667 | MB5: 5.5862953 | MD5: 76078.226 | ME5: 5.5862953 | MF5: 971487.41 | MG5: 63.112967 | MH5: 471.33117 | MJ5: 4987120.4 | MK5: 471.33117 | ML5: 778045.35 | MM5: 27.50275 | MN5: 1.5075371 | MP5: 51495.024 | MQ5: 1.5075371 | MR5: 289099.18 | MS5: 18.263467 | MT5: 379.30162 | MV5: 19590205 | MW5: 379.30162 | MX5: 3185378.1 | MY5: 47.18355 | MZ5: 1352.8584 | NB5: 5361904.3 | NC5: 1352.8584 | ND5: 4329388 | NE5: 12.637 | NF5: 107.15252 | NH5: 896715.27 | NI5: 107.15252 | NJ5: 3185378.1 | NK5: 86.306283 | NL5: 0 | NN5: 384.6053 | NO5: 0 | NP5: 12133.716 | NQ5: 21.543317 | NR5: 0.37107532 | NT5: 237912.52 | NU5: 0.37107532 | NV5: 77216.977 | NW5: 45.949533 | NX5: 10.928092 | NZ5: 37170.735 | OA5: 10.928092 | OB5: 17017.466 | OC5: 41.24215 | OD5: 9.1165211 | OF5: 41351.588 | OG5: 9.1165211 | OH5: 17017.466 | OI5: 41.916367 | OJ5: 0.000327716 | OL5: 228.30169 | OM5: 0.000327716 | ON5: 56425304 | OO5: 58.494833 | OP5: 0.4198091 | OR5: 102594.53 | OS5: 0.4198091 | OT5: 12133.716 | OU5: 98.008367 | OV5: 0 | OX5: 6181.722 | OY5: 0 | OZ5: 12133.716 | PA5: 58.4876 | PB5: 0.046563349 | PD5: 15426.379 | PE5: 0.046563349 | PF5: 714686.47 | PG5: 71.312533 | PH5: 119.52353 | PJ5: 72689.307 | PK5: 119.52353 | PL5: 17017.466 | PM5: 74.069633 | PN5: 1054.4503 | PP5: 113876.89 | PQ5: 1054.4503 | PR5: 778045.35 | PS5: 60.820883 | PT5: 27.632868 | PV5: 5947932 | PW5: 27.632868 | PX5: 17354067 | PY5: 66.118617 | PZ5: 1330.4671 | QB5: 431015294 | QC5: 1330.4671 | QD5: 70796344 | QE5: 49.070633 | QF5: 0.23007748 | QH5: 8715.6121 | QI5: 0.23007748 | QJ5: 46172.405 | QK5: 38.31175 | QL5: 38.061855 | QN5: 2464004.8 | QO5: 38.061855 | QP5: 20610.185 | QQ5: 47.120283 | QR5: 0 | QT5: 7349.1118 | QU5: 0 | QV5: 17349.43 | QW5: 95.762383 | QX5: 0 | QZ5: 4845.1241 | RA5: 0 | RB5: 12133.716
C6: CoBerry-2-1 | D6: Sample | G6: 1 | H6: 46094.901 | I6: 19.215517 | J6: 79.235665 | L6: 2.2864983e+08 | M6: 79.235665 | N6: 3004794.7 | O6: 40.447083 | P6: 18.57341 | R6: 29767.419 | S6: 18.57341 | T6: 667000.52 | U6: 34.308117 | V6: 32.20428 | X6: 87934807 | Y6: 32.20428 | Z6: 29936205 | AA6: 52.453283 | AB6: 1.2802153 | AD6: 179336.69 | AE6: 1.2802153 | AF6: 667000.52 | AG6: 39.461467 | AH6: 0.36724911 | AJ6: 5242.9627 | AK6: 0.36724911 | AL6: 19278.42 | AM6: 48.023233 | AN6: 66422.906 | AP6: 238284.66 | AQ6: 66422.906 | AR6: 29078.188 | AS6: 32.110367 | AT6: 4.105857 | AV6: 115703.39 | AW6: 4.105857 | AX6: 667000.52 | AY6: 34.888083 | AZ6: 2157.2075 | BB6: 142074.09 | BC6: 2157.2075 | BD6: 29936205 | BE6: 53.211933 | BF6: 147.70453 | BH6: 6088548.1 | BI6: 147.70453 | BJ6: 29936205 | BK6: 35.115883 | BL6: 0 | BN6: 88363.863 | BO6: 0 | BP6: 2373938.1 | BQ6: 78.6533 | BR6: 0 | BT6: 14990.855 | BU6: 0 | BV6: 2114856.8 | BW6: 55.771333 | BX6: 0 | BZ6: 925656.94 | CA6: 0 | CB6: 29936205 | CC6: 24.531983 | CD6: 1936.4923 | CF6: 8781823.1 | CG6: 1936.4923 | CH6: 79214110 | CI6: 32.700967 | CJ6: 40.301957 | CL6: 1147181.1 | CM6: 40.301957 | CN6: 58873302 | CO6: 36.429667 | CP6: 0.5005548 | CR6: 25543.404 | CS6: 0.5005548 | CT6: 19278.42 | CU6: 71.7777 | CV6: 0.056262553 | CX6: 12535.545 | CY6: 0.056262553 | CZ6: 1164869.6 | DA6: 78.667217 | DB6: 0 | DD6: 12141.163 | DE6: 0 | DF6: 2114856.8 | DG6: 79.496433 | DH6: 1.5173294 | DJ6: 20375.412 | DK6: 1.5173294 | DL6: 1164869.6 | DM6: 88.09475 | DN6: 13.57044 | DP6: 20794.907 | DQ6: 13.57044 | DR6: 79214110 | DS6: 47.086333 | DT6: 1.938738 | DV6: 43805.984 | DW6: 1.938738 | DX6: 895090.62 | DY6: 99.9735 | DZ6: 0 | EB6: 7372.969 | EC6: 0 | ED6: 26654.44 | EE6: 62.473017 | EF6: 0 | EH6: 30635.774 | EI6: 0 | EJ6: 309944.83 | EK6: 54.511083 | EL6: 4.0303338 | EN6: 59794.121 | EO6: 4.0303338 | EP6: 60597.191 | EQ6: 58.36585 | ER6: 11.848756 | ET6: 8023.452 | EU6: 11.848756 | EV6: 44762608 | EW6: 60.926367 | EX6: 1257.8988 | EZ6: 602495.7 | FA6: 1257.8988 | FB6: 44762608 | FC6: 64.217467 | FD6: 214.2833 | FF6: 7433293.1 | FG6: 214.2833 | FH6: 79214110 | FI6: 67.095867 | FJ6: 0.41424716 | FL6: 27966.914 | FM6: 0.41424716 | FN6: 309944.83 | FO6: 16.850067 | FP6: 0.74279672 | FR6: 21210.272 | FS6: 0.74279672 | FT6: 4622985.8 | FU6: 50.577083 | FV6: 113.93373 | FX6: 8260686.2 | FY6: 113.93373 | FZ6: 69725.915 | GA6: 34.30655 | GB6: 0 | GD6: 36633987 | GE6: 0 | GF6: 667000.52 | GG6: 33.533583 | GH6: 0 | GJ6: 6329.6446 | GK6: 0 | GL6: 16669.02 | GM6: 68.113433 | GN6: 0 | GP6: 429.12287 | GQ6: 0 | GR6: 1164869.6 | GS6: 95.5788 | GV6: 2154.7395 | GX6: 26654.44 | GY6: 7.3256 | HB6: 9788.1051 | HD6: 3004794.7 | HE6: 60.621933 | HH6: 4710.0001 | HJ6: 309944.83 | HK6: 82.242533 | HL6: 131691.5 | HN6: 426054.45 | HO6: 131691.5 | HP6: 895090.62 | HQ6: 13.369267 | HR6: 0 | HT6: 51925.478 | HU6: 0 | HV6: 58873302 | HW6: 58.940017 | HX6: 2.9555067 | HZ6: 92531.566 | IA6: 2.9555067 | IB6: 44762608 | IC6: 53.209583 | ID6: 1035.3178 | IF6: 65791594 | IG6: 1035.3178 | IH6: 44762608 | II6: 14.905717 | IJ6: 17.397416 | IL6: 1287160.6 | IM6: 17.397416 | IN6: 430158.97 | IO6: 15.6912 | IP6: 16.671056 | IR6: 1181773.4 | IS6: 16.671056 | IT6: 521728.79 | IU6: 7.6943833 | IV6: 0 | IX6: 154968204 | IY6: 0 | IZ6: 4622985.8 | JA6: 14.046667 | JB6: 28.177739 | JD6: 1608163.7 | JE6: 28.177739 | JF6: 769311.94 | JG6: 76.51735 | JH6: 0.38014635 | JJ6: 31320.665 | JK6: 0.38014635 | JL6: 3160664.7 | JM6: 50.57485 | JN6: 12.022011 | JP6: 26954855 | JQ6: 12.022011 | JR6: 1.2409421e+08 | JS6: 31.139317 | JT6: 1.5526585 | JV6: 321310.23 | JW6: 1.5526585 | JX6: 17281729 | JY6: 24.536 | JZ6: 26.392584 | KB6: 20569639 | KC6: 26.392584 | KD6: 1911330.5 | KE6: 10.891967 | KF6: 306.41365 | KH6: 724167.42 | KI6: 306.41365 | KJ6: 769311.94 | KK6: 33.97095 | KL6: 15110.285 | KN6: 56532057 | KO6: 15110.285 | KP6: 58873302 | KQ6: 37.860083 | KR6: 125.37902 | KT6: 48192970 | KU6: 125.37902 | KV6: 17281729 | KW6: 100.00287 | KX6: 0 | KZ6: 3889.5066 | LA6: 0 | LB6: 16226.526 | LC6: 45.55725 | LD6: 7063.9695 | LF6: 10129636 | LG6: 7063.9695 | LH6: 296914.52 | LI6: 78.268733 | LJ6: 0 | LL6: 9548.2917 | LM6: 0 | LN6: 16226.526 | LO6: 40.480967 | LP6: 25.872857 | LR6: 1018339.8 | LS6: 25.872857 | LT6: 895090.62 | LU6: 52.45375 | LV6: 125.78612 | LX6: 27529.965 | LY6: 125.78612 | LZ6: 110326.54 | MA6: 71.6213 | MB6: 5.8857461 | MD6: 94388.996 | ME6: 5.8857461 | MF6: 1170878.3 | MG6: 63.092933 | MH6: 450.78152 | MJ6: 5817678.5 | MK6: 450.78152 | ML6: 928246.85 | MM6: 27.175483 | MN6: 1.3760257 | MP6: 48985.32 | MQ6: 1.3760257 | MR6: 296914.52 | MS6: 18.336933 | MT6: 297.58765 | MV6: 25849032 | MW6: 297.58765 | MX6: 4622985.8 | MY6: 47.143417 | MZ6: 2574.6022 | NB6: 4383113.1 | NC6: 2574.6022 | ND6: 1911330.5 | NE6: 12.938017 | NF6: 75.734326 | NH6: 1037181.9 | NI6: 75.734326 | NJ6: 4622985.8 | NK6: 86.332967 | NL6: 0 | NN6: 359.34612 | NO6: 0 | NP6: 16226.526 | NQ6: 21.710233 | NR6: 0.31010716 | NT6: 203287.66 | NU6: 0.31010716 | NV6: 69725.915 | NW6: 45.762417 | NX6: 6.9172669 | NZ6: 23926.86 | OA6: 6.9172669 | OB6: 16669.02 | OC6: 41.275583 | OD6: 10.864703 | OF6: 46557.788 | OG6: 10.864703 | OH6: 16669.02 | OI6: 41.535467 | OJ6: 0 | OL6: 133.90343 | OM6: 0 | ON6: 54288223 | OO6: 58.354483 | OP6: 0.41839196 | OR6: 135410.4 | OS6: 0.41839196 | OT6: 16226.526 | OU6: 97.995017 | OV6: 7.6292132 | OX6: 11889.753 | OY6: 7.6292132 | OZ6: 16226.526 | PA6: 58.347133 | PB6: 0.11076786 | PD6: 19834.867 | PE6: 0.11076786 | PF6: 667000.52 | PG6: 71.319217 | PH6: 0 | PJ6: 42071.965 | PK6: 0 | PL6: 16669.02 | PM6: 73.942817 | PN6: 1493.6738 | PP6: 185572.22 | PQ6: 1493.6738 | PR6: 928246.85 | PS6: 60.68735 | PT6: 22.706765 | PV6: 5332864 | PW6: 22.706765 | PX6: 18673297 | PY6: 66.085217 | PZ6: 0 | QB6: 4.3724216e+08 | QC6: 0 | QD6: 79214110 | QE6: 48.922967 | QF6: 0.18504692 | QH6: 10026.621 | QI6: 0.18504692 | QJ6: 60597.191 | QK6: 37.86425 | QL6: 28.635257 | QN6: 1918237.8 | QO6: 28.635257 | QP6: 21299.04 | QQ6: 47.08685 | QR6: 0 | QT6: 5220.104 | QU6: 0 | QV6: 19278.42 | QW6: 95.7557 | QX6: 0 | QZ6: 19495.933 | RA6: 0 | RB6: 16226.526
C7: CoBerry-2-2 | D7: Sample | G7: 1 | H7: 46094.977 | I7: 18.28015 | J7: 0 | L7: 156135626 | M7: 0 | N7: 2263479.1 | O7: 40.400267 | P7: 18.138241 | R7: 19660.452 | S7: 18.138241 | T7: 446586.91 | U7: 34.013817 | V7: 58.907869 | X7: 52551748 | Y7: 58.907869 | Z7: 17504161 | AA7: 52.593667 | AB7: 1.3979125 | AD7: 129376.78 | AE7: 1.3979125 | AF7: 446586.91 | AG7: 39.434817 | AH7: 0.34372839 | AJ7: 1652.7455 | AK7: 0.34372839 | AL7: 6242.0207 | AM7: 47.935783 | AN7: 83898.232 | AP7: 87798.412 | AQ7: 83898.232 | AR7: 10101.953 | AS7: 31.84295 | AT7: 3.1558054 | AV7: 69031.361 | AW7: 3.1558054 | AX7: 446586.91 | AY7: 35.435983 | AZ7: 2358.0593 | BB7: 90663.868 | BC7: 2358.0593 | BD7: 17504161 | BE7: 53.31905 | BF7: 125.58953 | BH7: 3466406.5 | BI7: 125.58953 | BJ7: 17504161 | BK7: 35.49705 | BL7: 1.5457637 | BN7: 300995.38 | BO7: 1.5457637 | BP7: 1150733.6 | BQ7: 78.67335 | BR7: 0 | BT7: 14427.83 | BU7: 0 | BV7: 1558859.6 | BW7: 55.784683 | BX7: 0 | BZ7: 380079.63 | CA7: 0 | CB7: 17504161 | CC7: 24.391683 | CD7: 0 | CF7: 19658.766 | CG7: 0 | CH7: 57537910 | CI7: 32.327283 | CJ7: 33.095861 | CL7: 728332.01 | CM7: 33.095861 | CN7: 41679462 | CO7: 36.4433 | CP7: 0.94482486 | CR7: 14586.637 | CS7: 0.94482486 | CT7: 6242.0207 | CU7: 71.79775 | CV7: 0.04684816 | CX7: 8232.0204 | CY7: 0.04684816 | CZ7: 785548.03 | DA7: 78.65385 | DB7: 0 | DD7: 15220.908 | DE7: 0 | DF7: 1558859.6 | DG7: 79.503117 | DH7: 1.6049224 | DJ7: 14127.785 | DK7: 1.6049224 | DL7: 785548.03 | DM7: 88.09475 | DN7: 17.103617 | DP7: 17987.232 | DQ7: 17.103617 | DR7: 57537910 | DS7: 47.0997 | DT7: 1.8541366 | DV7: 27170.487 | DW7: 1.8541366 | DX7: 570049.85 | DY7: 99.98685 | DZ7: 0 | EB7: 8751.7777 | EC7: 0 | ED7: 24933.601 | EE7: 62.666667 | EF7: 0 | EH7: 24450.202 | EI7: 0 | EJ7: 127160.92 | EK7: 54.611317 | EL7: 4.0515853 | EN7: 6762.2458 | EO7: 4.0515853 | EP7: 6825.6574 | EQ7: 58.479233 | ER7: 12.460814 | ET7: 5578.7654 | EU7: 12.460814 | EV7: 29546616 | EW7: 61.1133 | EX7: 1460.7822 | EZ7: 460788.49 | FA7: 1460.7822 | FB7: 29546616 | FC7: 64.2375 | FD7: 1.5507609 | FF7: 3714648.7 | FG7: 1.5507609 | FH7: 57537910 | FI7: 67.302933 | FJ7: 2.9341142 | FL7: 38009.224 | FM7: 2.9341142 | FN7: 127160.92 | FO7: 16.656367 | FP7: 0.84229764 | FR7: 20769.907 | FS7: 0.84229764 | FT7: 4118842.7 | FU7: 50.951617 | FV7: 64.706824 | FX7: 8567826.7 | FY7: 64.706824 | FZ7: 127312.48 | GA7: 34.01225 | GB7: 0 | GD7: 22305050 | GE7: 0 | GF7: 446586.91 | GG7: 34.04255 | GH7: 0 | GJ7: 2567.4023 | GK7: 0 | GL7: 4724.2662 | GM7: 68.236917 | GN7: 0 | GP7: 659.79639 | GQ7: 0 | GR7: 785548.03 | GS7: 95.598833 | GV7: 2445.8677 | GX7: 24933.601 | HD7: 2263479.1 | HE7: 60.61525 | HH7: 436.41414 | HJ7: 127160.92 | HK7: 82.23585 | HL7: 121675.05 | HN7: 250722.99 | HO7: 121675.05 | HP7: 570049.85 | HQ7: 11.7499 | HR7: 8139.1539 | HT7: 276504.46 | HU7: 8139.1539 | HV7: 41679462 | HW7: 59.0471 | HX7: 3.5658457 | HZ7: 71031.972 | IA7: 3.5658457 | IB7: 29546616 | IC7: 53.3167 | ID7: 1102.3553 | IF7: 44665432 | IG7: 1102.3553 | IH7: 29546616 | II7: 14.691683 | IJ7: 11.651038 | IL7: 1394696 | IM7: 11.651038 | IN7: 613277.64 | IO7: 15.483883 | IP7: 14.069477 | IR7: 1276118.8 | IS7: 14.069477 | IT7: 638488.04 | IU7: 7.4848667 | IV7: 0 | IX7: 1.260998e+08 | IY7: 0 | IZ7: 4118842.7 | JA7: 13.81325 | JB7: 25.508905 | JD7: 2715828 | JE7: 25.508905 | JF7: 1355127.9 | JG7: 76.51735 | JH7: 0.38481927 | JJ7: 39674.232 | JK7: 0.38481927 | JL7: 3969234.8 | JM7: 50.949117 | JN7: 12.703595 | JP7: 28086279 | JQ7: 12.703595 | JR7: 122390449 | JS7: 31.768867 | JT7: 1.3318446 | JV7: 196529.24 | JW7: 1.3318446 | JX7: 12251840 | JY7: 24.963117 | JZ7: 8.2018709 | KB7: 14795049 | KC7: 8.2018709 | KD7: 4241335.1 | KE7: 11.572417 | KF7: 311.28469 | KH7: 1289182.1 | KI7: 311.28469 | KJ7: 1355127.9 | KK7: 33.349183 | KL7: 0 | KN7: 28656215 | KO7: 0 | KP7: 41679462 | KQ7: 38.40695 | KR7: 131.53727 | KT7: 35838114 | KU7: 131.53727 | KV7: 12251840 | KW7: 99.982833 | KX7: 0 | KZ7: 2962.7807 | LA7: 0 | LB7: 9992.5052 | LC7: 45.603433 | LD7: 4151.1693 | LF7: 5444519.7 | LG7: 4151.1693 | LH7: 271425.5 | LI7: 78.288767 | LJ7: 0 | LL7: 10425.518 | LM7: 0 | LN7: 9992.5052 | LO7: 40.414083 | LP7: 22.386958 | LR7: 614652.34 | LS7: 22.386958 | LT7: 570049.85 | LU7: 52.59415 | LV7: 504.34625 | LX7: 18375.735 | LY7: 504.34625 | LZ7: 21516.159 | MA7: 71.64135 | MB7: 8.4772968 | MD7: 79680.582 | ME7: 8.4772968 | MF7: 792504.47 | MG7: 63.14665 | MH7: 509.42409 | MJ7: 3028129.6 | MK7: 509.42409 | ML7: 453732.7 | MM7: 27.6497 | MN7: 1.1544054 | MP7: 38769.345 | MQ7: 1.1544054 | MR7: 271425.5 | MS7: 18.176633 | MT7: 273.80739 | MV7: 22360557 | MW7: 273.80739 | MX7: 4118842.7 | MY7: 47.17685 | MZ7: 505.01903 | NB7: 2148436.3 | NC7: 505.01903 | ND7: 4241335.1 | NE7: 12.750617 | NF7: 97.986815 | NH7: 1090815.4 | NI7: 97.986815 | NJ7: 4118842.7 | NK7: 86.332967 | NL7: 0 | NN7: 383.02842 | NO7: 0 | NP7: 9992.5052 | NQ7: 21.683533 | NR7: 0.32924625 | NT7: 377799.7 | NU7: 0.32924625 | NV7: 127312.48 | NW7: 45.896067 | NX7: 6.1486072 | NZ7: 6103.2439 | OA7: 6.1486072 | OB7: 4724.2662 | OC7: 41.235467 | OD7: 9.6197499 | OF7: 11973.548 | OG7: 9.6197499 | OH7: 4724.2662 | OI7: 42.344133 | OJ7: 0.014334646 | OL7: 969.33357 | OM7: 0.014334646 | ON7: 43493104 | OO7: 58.528267 | OP7: 0.44447091 | OR7: 103674.61 | OS7: 0.44447091 | OT7: 9992.5052 | OU7: 98.00835 | OV7: 36.221063 | OX7: 13583.454 | OY7: 36.221063 | OZ7: 9992.5052 | PA7: 58.521017 | PB7: 0.15628414 | PD7: 15861.425 | PE7: 0.15628414 | PF7: 446586.91 | PG7: 71.332583 | PH7: 1088.2395 | PJ7: 47660.225 | PK7: 1088.2395 | PL7: 4724.2662 | PM7: 73.9161 | PN7: 1874.8005 | PP7: 111793.98 | PQ7: 1874.8005 | PR7: 453732.7 | PS7: 60.834233 | PT7: 29.14593 | PV7: 3929339.1 | PW7: 29.14593 | PX7: 10905913 | PY7: 66.085217 | PZ7: 0 | QB7: 2.9439716e+08 | QC7: 0 | QD7: 57537910 | QE7: 49.077317 | QF7: 0.21275851 | QH7: 1227.2634 | QI7: 0.21275851 | QJ7: 6825.6574 | QK7: 38.411967 | QL7: 65.492538 | QN7: 1420843.2 | QO7: 65.492538 | QP7: 6918.5167 | QQ7: 47.1069 | QR7: 0 | QT7: 1788.5241 | QU7: 0 | QV7: 6242.0207 | QW7: 95.7557 | QX7: 0 | QZ7: 17551.696 | RA7: 0 | RB7: 9992.5052
C8: CoBerry-2-3 | D8: Sample | G8: 1 | H8: 46095.053 | I8: 19.101933 | J8: 107.80836 | L8: 2.2592234e+08 | M8: 107.80836 | N8: 2942013 | O8: 40.427017 | P8: 17.802387 | R8: 26719.855 | S8: 17.802387 | T8: 613447.31 | U8: 34.254617 | V8: 7.328392 | X8: 74225660 | Y8: 7.328392 | Z8: 25799603 | AA8: 52.480017 | AB8: 1.4451617 | AD8: 182846.38 | AE8: 1.4451617 | AF8: 613447.31 | AG8: 39.474833 | AH8: 0.44094623 | AJ8: 4763.7637 | AK8: 0.44094623 | AL8: 16177.627 | AM8: 48.036617 | AN8: 55954.114 | AP8: 310138.79 | AQ8: 55954.114 | AR8: 39272.408 | AS8: 32.070317 | AT8: 2.6537151 | AV8: 88698.854 | AW8: 2.6537151 | AX8: 613447.31 | AY8: 34.988383 | AZ8: 2080.1546 | BB8: 118149.99 | BC8: 2080.1546 | BD8: 25799603 | BE8: 53.2454 | BF8: 169.50586 | BH8: 5383320 | BI8: 169.50586 | BJ8: 25799603 | BK8: 35.202817 | BL8: 0 | BN8: 53189.378 | BO8: 0 | BP8: 2033416.9 | BQ8: 78.653283 | BR8: 0 | BT8: 18653.533 | BU8: 0 | BV8: 3907336 | BW8: 55.784683 | BX8: 244.39076 | BZ8: 1047344.5 | CA8: 244.39076 | CB8: 25799603 | CC8: 24.592117 | CD8: 1370.971 | CF8: 7945411.8 | CG8: 1370.971 | CH8: 98396018 | CI8: 32.64075 | CJ8: 36.379171 | CL8: 966811.49 | CM8: 36.379171 | CN8: 52570194 | CO8: 36.4433 | CP8: 0.44473175 | CR8: 19378.064 | CS8: 0.44473175 | CT8: 16177.627 | CU8: 71.7777 | CV8: 0.043884727 | CX8: 19460.417 | CY8: 0.043884727 | CZ8: 1872892.4 | DA8: 78.667217 | DB8: 0 | DD8: 16515.903 | DE8: 0 | DF8: 3907336 | DG8: 79.496433 | DH8: 1.494825 | DJ8: 32522.606 | DK8: 1.494825 | DL8: 1872892.4 | DM8: 88.081417 | DN8: 14.066927 | DP8: 26523.171 | DQ8: 14.066927 | DR8: 98396018 | DS8: 47.093017 | DT8: 1.9764916 | DV8: 42047.641 | DW8: 1.9764916 | DX8: 849273.83 | DY8: 99.946783 | DZ8: 0 | EB8: 23968.807 | EC8: 0 | ED8: 87446.547 | EE8: 62.519767 | EF8: 0 | EH8: 54431.895 | EI8: 0 | EJ8: 640455.73 | EK8: 54.531133 | EL8: 3.5008598 | EN8: 57709.045 | EO8: 3.5008598 | EP8: 64985.805 | EQ8: 58.392567 | ER8: 13.344514 | ET8: 11147.548 | EU8: 13.344514 | EV8: 55015242 | EW8: 60.953067 | EX8: 1411.8395 | EZ8: 829637.8 | FA8: 1411.8395 | FB8: 55015242 | FC8: 64.22415 | FD8: 177.1162 | FF8: 8729965.9 | FG8: 177.1162 | FH8: 98396018 | FI8: 67.142633 | FJ8: 0.42980182 | FL8: 58614.521 | FM8: 0.42980182 | FN8: 640455.73 | FO8: 16.86345 | FP8: 0.71662556 | FR8: 19543.692 | FS8: 0.71662556 | FT8: 4373738.5 | FU8: 50.6572 | FV8: 131.87906 | FX8: 10144162 | FY8: 131.87906 | FZ8: 73975.014 | GA8: 34.253033 | GB8: 0 | GD8: 30646484 | GE8: 0 | GF8: 613447.31 | GG8: 33.6206 | GH8: 0 | GJ8: 4550.8298 | GK8: 0 | GL8: 13014.866 | GM8: 68.126783 | GN8: 0 | GP8: 2524.0849 | GQ8: 0 | GR8: 1872892.4 | GS8: 95.585483 | GV8: 5537.26 | GX8: 87446.547 | GY8: 7.2922167 | HB8: 2888.9537 | HD8: 2942013 | HE8: 60.621933 | HH8: 8677.3302 | HJ8: 640455.73 | HK8: 82.222517 | HL8: 423166.72 | HN8: 1297984.7 | HO8: 423166.72 | HP8: 849273.83 | HQ8: 13.1753 | HR8: 0 | HT8: 61084.701 | HU8: 0 | HV8: 52570194 | HW8: 58.960067 | HX8: 3.3642195 | HZ8: 126137.21 | IA8: 3.3642195 | IB8: 55015242 | IC8: 53.243067 | ID8: 892.66593 | IF8: 75955067 | IG8: 892.66593 | IH8: 55015242 | II8: 14.93915 | IJ8: 12.349684 | IL8: 1292697.8 | IM8: 12.349684 | IN8: 547410.75 | IO8: 15.71795 | IP8: 12.995619 | IR8: 1122147.1 | IS8: 12.995619 | IT8: 594145.73 | IU8: 7.4003833 | IV8: 0 | IX8: 1.5079565e+08 | IY8: 0 | IZ8: 4373738.5 | JA8: 14.093483 | JB8: 39.050551 | JD8: 1901266.2 | JE8: 39.050551 | JF8: 778602.05 | JG8: 76.503983 | JH8: 0.34614846 | JJ8: 58174.341 | JK8: 0.34614846 | JL8: 6265798.7 | JM8: 50.654983 | JN8: 12.292487 | JP8: 33365487 | JQ8: 12.292487 | JR8: 1.5024e+08 | JS8: 31.246717 | JT8: 1.2734124 | JV8: 231659.2 | JW8: 1.2734124 | JX8: 15076520 | JY8: 24.596133 | JZ8: 8.2293373 | KB8: 17596775 | KC8: 8.2293373 | KD8: 5028680.7 | KE8: 10.932017 | KF8: 302.725 | KH8: 727005.82 | KI8: 302.725 | KJ8: 778602.05 | KK8: 33.85055 | KL8: 9869.996 | KN8: 48951587 | KO8: 9869.996 | KP8: 52570194 | KQ8: 37.9603 | KR8: 130.24012 | KT8: 43667310 | KU8: 130.24012 | KV8: 15076520 | KW8: 99.9361 | KX8: 0 | KZ8: 7434.6222 | LA8: 0 | LB8: 40840.209 | LC8: 45.56095 | LD8: 6499.5645 | LF8: 10084024 | LG8: 6499.5645 | LH8: 321224.15 | LI8: 78.148467 | LJ8: 0 | LL8: 29963.274 | LM8: 0 | LN8: 40840.209 | LO8: 40.467583 | LP8: 18.611917 | LR8: 861045.08 | LS8: 18.611917 | LT8: 849273.83 | LU8: 52.4805 | LV8: 153.57816 | LX8: 28768.439 | LY8: 153.57816 | LZ8: 97881.144 | MA8: 71.627983 | MB8: 8.2357699 | MD8: 191687.88 | ME8: 8.2357699 | MF8: 1942413.3 | MG8: 62.986083 | MH8: 360.26561 | MJ8: 8414663.1 | MK8: 360.26561 | ML8: 1491950.3 | MM8: 27.242267 | MN8: 1.2966811 | MP8: 50449.15 | MQ8: 1.2966811 | MR8: 321224.15 | MS8: 18.343617 | MT8: 285.88336 | MV8: 24105424 | MW8: 285.88336 | MX8: 4373738.5 | MY8: 47.150117 | MZ8: 972.16102 | NB8: 4575257.8 | NC8: 972.16102 | ND8: 5028680.7 | NE8: 13.01825 | NF8: 90.280378 | NH8: 1097002.3 | NI8: 90.280378 | NJ8: 4373738.5 | NK8: 86.31295 | NL8: 0 | NN8: 819.04306 | NO8: 0 | NP8: 40840.209 | NQ8: 21.710233 | NR8: 0.30621109 | NT8: 214893.34 | NU8: 0.30621109 | NV8: 73975.014 | NW8: 45.782467 | NX8: 7.1690578 | NZ8: 19293.507 | OA8: 7.1690578 | OB8: 13014.866 | OC8: 41.262217 | OD8: 13.159946 | OF8: 42556.381 | OG8: 13.159946 | OH8: 13014.866 | OI8: 42.0638 | OJ8: 0 | OL8: 4.7272517 | OM8: 0 | ON8: 54211938 | OO8: 58.394567 | OP8: 0.3511685 | OR8: 127081.94 | OS8: 0.3511685 | OT8: 40840.209 | OU8: 97.995017 | OV8: 8.0591338 | OX8: 30309.884 | OY8: 8.0591338 | OZ8: 40840.209 | PA8: 58.387217 | PB8: 0.13556403 | PD8: 20173.82 | PE8: 0.13556403 | PF8: 613447.31 | PG8: 71.352633 | PH8: 266.4641 | PJ8: 67076.017 | PK8: 266.4641 | PL8: 13014.866 | PM8: 73.735883 | PN8: 2606.8155 | PP8: 500759.97 | PQ8: 2606.8155 | PR8: 1491950.3 | PS8: 60.720733 | PT8: 26.163525 | PV8: 5865992.9 | PW8: 26.163525 | PX8: 18010819 | PY8: 66.10525 | PZ8: 0 | QB8: 5.2352853e+08 | QC8: 0 | QD8: 98396018 | QE8: 48.9497 | QF8: 0.13258704 | QH8: 8988.8765 | QI8: 0.13258704 | QJ8: 64985.805 | QK8: 37.957783 | QL8: 29.018259 | QN8: 1757156.8 | QO8: 29.018259 | QP8: 19254.324 | QQ8: 47.100217 | QR8: 0.000463464 | QT8: 7271.9142 | QU8: 0.000463464 | QV8: 16177.627 | QW8: 95.71565 | QX8: 0 | QZ8: 51941.045 | RA8: 0 | RB8: 40840.209
C9: CoBerry-3-1 | D9: Sample | G9: 1 | H9: 46095.13 | I9: 18.340267 | J9: 0 | L9: 1.7325642e+08 | M9: 0 | N9: 2588411.1 | O9: 40.420333 | P9: 19.411148 | R9: 33699.698 | S9: 19.411148 | T9: 735907.01 | U9: 34.134217 | V9: 200.35327 | X9: 91935596 | Y9: 200.35327 | Z9: 27478952 | AA9: 52.56025 | AB9: 1.436969 | AD9: 218280.12 | AE9: 1.436969 | AF9: 735907.01 | AG9: 39.434817 | AH9: 0.4359036 | AJ9: 7562.1002 | AK9: 0.4359036 | AL9: 25815.716 | AM9: 48.023233 | AN9: 81903.927 | AP9: 290018.5 | AQ9: 81903.927 | AR9: 33588.113 | AS9: 31.92315 | AT9: 3.4588515 | AV9: 118188 | AW9: 3.4588515 | AX9: 735907.01 | AY9: 35.222417 | AZ9: 3487.5364 | BB9: 209341.59 | BC9: 3487.5364 | BD9: 27478952 | BE9: 53.31905 | BF9: 166.0679 | BH9: 5710873.4 | BI9: 166.0679 | BJ9: 27478952 | BK9: 35.416817 | BL9: 0 | BN9: 66271.332 | BO9: 0 | BP9: 2844508.2 | BQ9: 78.680033 | BR9: 0 | BT9: 18196.254 | BU9: 0 | BV9: 1881858.9 | BW9: 55.791367 | BX9: 150.21366 | BZ9: 1024908.5 | CA9: 150.21366 | CB9: 27478952 | CC9: 24.745583 | CD9: 2859.0893 | CF9: 12346836 | CG9: 2859.0893 | CH9: 77173646 | CI9: 32.446967 | CJ9: 58.999385 | CL9: 1194087.6 | CM9: 58.999385 | CN9: 48336900 | CO9: 36.422983 | CP9: 0.46341172 | CR9: 32021.212 | CS9: 0.46341172 | CT9: 25815.716 | CU9: 71.791067 | CV9: 0.14069065 | CX9: 14239.813 | CY9: 0.14069065 | CZ9: 1071448.3 | DA9: 78.6806 | DB9: 0 | DD9: 20403.293 | DE9: 0 | DF9: 1881858.9 | DG9: 79.503117 | DH9: 1.3102709 | DJ9: 17492.567 | DK9: 1.3102709 | DL9: 1071448.3 | DM9: 88.094767 | DN9: 10.41235 | DP9: 16803.308 | DQ9: 10.41235 | DR9: 77173646 | DS9: 47.106383 | DT9: 2.2146582 | DV9: 39513.439 | DW9: 2.2146582 | DX9: 744064.43 | DY9: 99.946783 | DZ9: 0 | EB9: 6732.3677 | EC9: 0 | ED9: 21637.698 | EE9: 62.619933 | EF9: 0 | EH9: 18944.669 | EI9: 0 | EJ9: 202060.03 | EK9: 54.577917 | EL9: 4.3196828 | EN9: 48917.874 | EO9: 4.3196828 | EP9: 47004.897 | EQ9: 58.459183 | ER9: 12.82593 | ET9: 8484.5479 | EU9: 12.82593 | EV9: 43617890 | EW9: 61.066567 | EX9: 1504.6997 | EZ9: 700397.37 | FA9: 1504.6997 | FB9: 43617890 | FC9: 64.244183 | FD9: 329.787 | FF9: 8468615.1 | FG9: 329.787 | FH9: 77173646 | FI9: 67.202733 | FJ9: 0.88344418 | FL9: 26083.309 | FM9: 0.88344418 | FN9: 202060.03 | FO9: 16.66305 | FP9: 1.4635749 | FR9: 33782.404 | FS9: 1.4635749 | FT9: 4286301.1 | FU9: 50.851417 | FV9: 160.52389 | FX9: 14579346 | FY9: 160.52389 | FZ9: 87349.278 | GA9: 34.13265 | GB9: 0 | GD9: 38294702 | GE9: 0 | GF9: 735907.01 | GG9: 33.848583 | GH9: 0 | GJ9: 6138.2369 | GK9: 0 | GL9: 18087.353 | GM9: 68.153483 | GN9: 0 | GP9: 1539.504 | GQ9: 0 | GR9: 1071448.3 | GS9: 95.518717 | GV9: 224.96477 | GX9: 21637.698 | HD9: 2588411.1 | HE9: 60.621933 | HH9: 5012.6203 | HJ9: 202060.03 | HK9: 82.215833 | HL9: 410967.8 | HN9: 1104417 | HO9: 410967.8 | HP9: 744064.43 | HQ9: 11.810567 | HR9: 1718.7284 | HT9: 133602.63 | HU9: 1718.7284 | HV9: 48336900 | HW9: 59.013567 | HX9: 5.1956945 | HZ9: 144101.68 | IA9: 5.1956945 | IB9: 43617890 | IC9: 53.316717 | ID9: 2110.5437 | IF9: 93425331 | IG9: 2110.5437 | IH9: 43617890 | II9: 14.71175 | IJ9: 20.618081 | IL9: 1846770.1 | IM9: 20.618081 | IN9: 544003.48 | IO9: 15.50395 | IP9: 23.529019 | IR9: 1735090.1 | IS9: 23.529019 | IT9: 584697.31 | IU9: 7.5005333 | IV9: 0 | IX9: 1.2906669e+08 | IY9: 0 | IZ9: 4286301.1 | JA9: 13.84 | JB9: 37.567758 | JD9: 2134241.5 | JE9: 37.567758 | JF9: 891510.8 | JG9: 76.490633 | JH9: 0.50900488 | JJ9: 32825.305 | JK9: 0.50900488 | JL9: 2673344.5 | JM9: 50.855583 | JN9: 15.174127 | JP9: 51490223 | JQ9: 15.174127 | JR9: 1.8795541e+08 | JS9: 31.521583 | JT9: 1.9515265 | JV9: 491639.57 | JW9: 1.9515265 | JX9: 21189779 | JY9: 24.742617 | JZ9: 11.426605 | KB9: 29595035 | KC9: 11.426605 | KD9: 6194376.6 | KE9: 10.72505 | KF9: 304.71348 | KH9: 836078.2 | KI9: 304.71348 | KJ9: 891510.8 | KK9: 33.609683 | KL9: 90949.148 | KN9: 66747830 | KO9: 90949.148 | KP9: 48336900 | KQ9: 38.233567 | KR9: 170.18238 | KT9: 80127527 | KU9: 170.18238 | KV9: 21189779 | KW9: 99.92275 | KX9: 0 | KZ9: 2721.6058 | LA9: 0 | LB9: 15691.241 | LC9: 45.590667 | LD9: 6496.3343 | LF9: 13145186 | LG9: 6496.3343 | LH9: 418944.78 | LI9: 78.268733 | LJ9: 0 | LL9: 10529.934 | LM9: 0 | LN9: 15691.241 | LO9: 40.43415 | LP9: 31.671036 | LR9: 920096.46 | LS9: 31.671036 | LT9: 744064.43 | LU9: 52.560717 | LV9: 173.79321 | LX9: 33392.47 | LY9: 173.79321 | LZ9: 102370.35 | MA9: 71.627983 | MB9: 6.9428658 | MD9: 96356.853 | ME9: 6.9428658 | MF9: 1085796.1 | MG9: 63.006117 | MH9: 520.41457 | MJ9: 7096800.7 | MK9: 520.41457 | ML9: 1051379.4 | MM9: 27.435967 | MN9: 1.4223059 | MP9: 71055.427 | MQ9: 1.4223059 | MR9: 418944.78 | MS9: 18.1833 | MT9: 290.95993 | MV9: 23772278 | MW9: 290.95993 | MX9: 4286301.1 | MY9: 47.18355 | MZ9: 973.84794 | NB9: 5644866.9 | NC9: 973.84794 | ND9: 6194376.6 | NE9: 12.770683 | NF9: 112.70261 | NH9: 1249914 | NI9: 112.70261 | NJ9: 4286301.1 | NK9: 86.31295 | NL9: 0 | NN9: 569.51788 | NO9: 0 | NP9: 15691.241 | NQ9: 21.583367 | NR9: 0.35242626 | NT9: 264707.38 | NU9: 0.35242626 | NV9: 87349.278 | NW9: 45.829233 | NX9: 14.787841 | NZ9: 52542.372 | OA9: 14.787841 | OB9: 18087.353 | OC9: 41.248833 | OD9: 9.1429517 | OF9: 44050.659 | OG9: 9.1429517 | OH9: 18087.353 | OI9: 41.842917 | OJ9: 0 | OL9: 116.51472 | OM9: 0 | ON9: 77586202 | OO9: 58.4681 | OP9: 0.43759448 | OR9: 154400.4 | OS9: 0.43759448 | OT9: 15691.241 | OU9: 98.001683 | OV9: 2.4115905 | OX9: 9703.2193 | OY9: 2.4115905 | OZ9: 15691.241 | PA9: 58.467533 | PB9: 0.12075557 | PD9: 22817.262 | PE9: 0.12075557 | PF9: 735907.01 | PG9: 71.292483 | PH9: 598.37312 | PJ9: 129267.47 | PK9: 598.37312 | PL9: 18087.353 | PM9: 73.862717 | PN9: 1576.5282 | PP9: 220809.91 | PQ9: 1576.5282 | PR9: 1051379.4 | PS9: 60.80085 | PT9: 27.729932 | PV9: 5998274 | PW9: 27.729932 | PX9: 17443635 | PY9: 66.118617 | PZ9: 0 | QB9: 4.3414479e+08 | QC9: 0 | QD9: 77173646 | QE9: 49.02365 | QF9: 0.26061567 | QH9: 9615.4569 | QI9: 0.26061567 | QJ9: 47004.897 | QK9: 38.238017 | QL9: 45.076609 | QN9: 3063240 | QO9: 45.076609 | QP9: 21648.637 | QQ9: 47.1069 | QR9: 0 | QT9: 4169.5752 | QU9: 0 | QV9: 25815.716 | QW9: 95.735667 | QX9: 0 | QZ9: 8851.6202 | RA9: 0 | RB9: 15691.241
C10: CoBerry-3-2 | D10: Sample | G10: 1 | H10: 46095.206 | I10: 18.286833 | J10: 0 | L10: 1.6347949e+08 | M10: 0 | N10: 2714681.7 | O10: 40.40695 | P10: 19.585844 | R10: 25450.795 | S10: 19.585844 | T10: 552842.07 | U10: 34.033883 | V10: 198.57263 | X10: 69392400 | Y10: 198.57263 | Z10: 20767774 | AA10: 52.593667 | AB10: 1.4125223 | AD10: 161588.54 | AE10: 1.4125223 | AF10: 552842.07 | AG10: 39.434817 | AH10: 0.4784249 | AJ10: 4683.8237 | AK10: 0.4784249 | AL10: 15311.037 | AM10: 47.975883 | AN10: 129504.72 | AP10: 204140.64 | AQ10: 129504.72 | AR10: 20440.074 | AS10: 31.829583 | AT10: 4.9019971 | AV10: 104653.17 | AW10: 4.9019971 | AX10: 552842.07 | AY10: 35.462717 | AZ10: 4034.1993 | BB10: 182726.73 | BC10: 4034.1993 | BD10: 20767774 | BE10: 53.345817 | BF10: 158.34484 | BH10: 4277301 | BI10: 158.34484 | BJ10: 20767774 | BK10: 35.530217 | BL10: 0 | BN10: 123077.79 | BO10: 0 | BP10: 2126161.1 | BQ10: 78.67335 | BR10: 0 | BT10: 13466.798 | BU10: 0 | BV10: 1592220.3 | BW10: 55.778 | BX10: 33.048927 | BZ10: 689399.82 | CA10: 33.048927 | CB10: 20767774 | CC10: 24.391683 | CD10: 0 | CF10: 28170.845 | CG10: 0 | CH10: 60469072 | CI10: 32.327283 | CJ10: 47.674046 | CL10: 907149.72 | CM10: 47.674046 | CN10: 42108983 | CO10: 36.449983 | CP10: 0.60141999 | CR10: 23804.145 | CS10: 0.60141999 | CT10: 15311.037 | CU10: 71.79775 | CV10: 0.14264767 | CX10: 12573.246 | CY10: 0.14264767 | CZ10: 941896.09 | DA10: 78.687283 | DB10: 0 | DD10: 15524.582 | DE10: 0 | DF10: 1592220.3 | DG10: 79.509783 | DH10: 1.4008869 | DJ10: 15857.906 | DK10: 1.4008869 | DL10: 941896.09 | DM10: 88.09475 | DN10: 15.64945 | DP10: 17656.688 | DQ10: 15.64945 | DR10: 60469072 | DS10: 47.113067 | DT10: 2.4250138 | DV10: 34091.002 | DW10: 2.4250138 | DX10: 605740.79 | DY10: 99.933433 | DZ10: 3.1296789 | EB10: 6034.6624 | EC10: 3.1296789 | ED10: 15375.382 | EE10: 62.67335 | EF10: 0 | EH10: 21409.149 | EI10: 0 | EJ10: 148498.95 | EK10: 54.611317 | EL10: 4.0586649 | EN10: 17546.62 | EO10: 4.0586649 | EP10: 17687.593 | EQ10: 58.4926 | ER10: 12.371537 | ET10: 6411.9432 | EU10: 12.371537 | EV10: 34212221 | EW10: 61.119967 | EX10: 1638.2194 | EZ10: 597447 | FA10: 1638.2194 | FB10: 34212221 | FC10: 64.244183 | FD10: 263.84875 | FF10: 6086792.1 | FG10: 263.84875 | FH10: 60469072 | FI10: 67.269533 | FJ10: 2.1951647 | FL10: 35300.101 | FM10: 2.1951647 | FN10: 148498.95 | FO10: 16.643 | FP10: 1.3777014 | FR10: 33878.136 | FS10: 1.3777014 | FT10: 4523661.1 | FU10: 50.991683 | FV10: 78.940315 | FX10: 13936107 | FY10: 78.940315 | FZ10: 169756.49 | GA10: 34.032317 | GB10: 0 | GD10: 30599822 | GE10: 0 | GF10: 552842.07 | GG10: 34.049233 | GH10: 0 | GJ10: 5738.2524 | GK10: 0 | GL10: 11136.053 | GM10: 68.230233 | GN10: 0 | GP10: 852.3715 | GQ10: 0 | GR10: 941896.09 | GS10: 95.585483 | GV10: 593.37565 | GX10: 15375.382 | GY10: 7.2989 | HB10: 581.31055 | HD10: 2714681.7 | HE10: 60.61525 | HH10: 1831.1244 | HJ10: 148498.95 | HK10: 82.209167 | HL10: 542051.76 | HN10: 1185782.9 | HO10: 542051.76 | HP10: 605740.79 | HQ10: 11.709817 | HR10: 7638.6148 | HT10: 266649.1 | HU10: 7638.6148 | HV10: 42108983 | HW10: 59.060467 | HX10: 6.1567142 | HZ10: 131176.65 | IA10: 6.1567142 | IB10: 34212221 | IC10: 53.336783 | ID10: 2304.6375 | IF10: 77430139 | IG10: 2304.6375 | IH10: 34212221 | II10: 14.6783 | IJ10: 19.270066 | IL10: 2139982.1 | IM10: 19.270066 | IN10: 663289.87 | IO10: 15.4772 | IP10: 22.498089 | IR10: 1949848.1 | IS10: 22.498089 | IT10: 681309.14 | IU10: 7.4738333 | IV10: 0 | IX10: 1.5589031e+08 | IY10: 0 | IZ10: 4523661.1 | JA10: 13.806567 | JB10: 38.72912 | JD10: 3033497.9 | JE10: 38.72912 | JF10: 1247579.9 | JG10: 76.510667 | JH10: 0.53783526 | JJ10: 38580.515 | JK10: 0.53783526 | JL10: 3012026.5 | JM10: 50.989183 | JN10: 15.680307 | JP10: 46277123 | JQ10: 15.680307 | JR10: 163488688 | JS10: 31.81565 | JT10: 2.0075297 | JV10: 448270.35 | JW10: 2.0075297 | JX10: 18796273 | JY10: 24.976483 | JZ10: 10.099873 | KB10: 24952612 | KC10: 10.099873 | KD10: 5875037.8 | KE10: 10.671633 | KF10: 279.67417 | KH10: 1105762.2 | KI10: 279.67417 | KJ10: 1247579.9 | KK10: 33.40265 | KL10: 52498.127 | KN10: 49166934 | KO10: 52498.127 | KP10: 42108983 | KQ10: 38.467083 | KR10: 165.94604 | KT10: 69312275 | KU10: 165.94604 | KV10: 18796273 | KW10: 99.94945 | KX10: 0 | KZ10: 1545.4492 | LA10: 0 | LB10: 12830.285 | LC10: 45.604017 | LD10: 5178.6434 | LF10: 9558896.7 | LG10: 5178.6434 | LH10: 382086.32 | LI10: 78.248683 | LJ10: 0 | LL10: 11490.265 | LM10: 0 | LN10: 12830.285 | LO10: 40.420783 | LP10: 33.330797 | LR10: 766194.66 | LS10: 33.330797 | LT10: 605740.79 | LU10: 52.587467 | LV10: 394.95524 | LX10: 21302.243 | LY10: 394.95524 | LZ10: 31356.336 | MA10: 71.64135 | MB10: 8.4751167 | MD10: 93405.49 | ME10: 8.4751167 | MF10: 929167.57 | MG10: 63.052867 | MH10: 485.25532 | MJ10: 4595309.1 | MK10: 485.25532 | ML10: 706284.85 | MM10: 27.66305 | MN10: 1.520249 | MP10: 68543.448 | MQ10: 1.520249 | MR10: 382086.32 | MS10: 18.156583 | MT10: 310.13005 | MV10: 25681545 | MW10: 310.13005 | MX10: 4523661.1 | MY10: 47.183533 | MZ10: 689.64516 | NB10: 3912396.9 | NC10: 689.64516 | ND10: 5875037.8 | NE10: 12.723883 | NF10: 179.92498 | NH10: 1872338.5 | NI10: 179.92498 | NJ10: 4523661.1 | NK10: 86.292933 | NL10: 0 | NN10: 448.48219 | NO10: 0 | NP10: 12830.285 | NQ10: 21.6902 | NR10: 0.45834888 | NT10: 563267.6 | NU10: 0.45834888 | NV10: 169756.49 | NW10: 45.909433 | NX10: 4.0909342 | NZ10: 10108.245 | OA10: 4.0909342 | OB10: 11136.053 | OC10: 41.228783 | OD10: 8.7936127 | OF10: 26313.124 | OG10: 8.7936127 | OH10: 11136.053 | OI10: 42.02375 | OJ10: 0 | OL10: 120.53894 | OM10: 0 | ON10: 65985884 | OO10: 58.514883 | OP10: 0.44674711 | OR10: 135390.8 | OS10: 0.44674711 | OT10: 12830.285 | OU10: 97.988333 | OV10: 7.5323509 | OX10: 9373.9699 | OY10: 7.5323509 | OZ10: 12830.285 | PA10: 58.46085 | PB10: 0.026781492 | PD10: 10544.33 | PE10: 0.026781492 | PF10: 552842.07 | PG10: 71.312533 | PH10: 347.68643 | PJ10: 62824.298 | PK10: 347.68643 | PL10: 11136.053 | PM10: 73.882733 | PN10: 1602.6406 | PP10: 150582.13 | PQ10: 1602.6406 | PR10: 706284.85 | PS10: 60.834233 | PT10: 31.852932 | PV10: 5400741.3 | PW10: 31.852932 | PX10: 13787926 | PY10: 66.10525 | PZ10: 28.926517 | QB10: 3.5275885e+08 | QC10: 28.926517 | QD10: 60469072 | QE10: 49.097367 | QF10: 0.33045698 | QH10: 4257.3843 | QI10: 0.33045698 | QJ10: 17687.593 | QK10: 38.4654 | QL10: 72.030703 | QN10: 2629742.4 | QO10: 72.030703 | QP10: 11645.176 | QQ10: 47.113583 | QR10: 0 | QT10: 2758.6069 | QU10: 0 | QV10: 15311.037 | QW10: 95.735667 | QX10: 0 | QZ10: 12853.731 | RA10: 0 | RB10: 12830.285
C11: CoCiNe-1-1 | D11: Sample | G11: 1 | H11: 46095.939 | I11: 18.387033 | J11: 213.62386 | L11: 203568980 | M11: 213.62386 | N11: 2564741.4 | O11: 40.406967 | P11: 18.264747 | R11: 26662.823 | S11: 18.264747 | T11: 603235.8 | U11: 34.0272 | V11: 208.01939 | X11: 77515076 | Y11: 208.01939 | Z11: 23040568 | AA11: 52.586983 | AB11: 1.0836889 | AD11: 141210.16 | AE11: 1.0836889 | AF11: 603235.8 | AG11: 39.434817 | AH11: 0.52234385 | AJ11: 4145.3497 | AK11: 0.52234385 | AL11: 12981.651 | AM11: 47.935783 | AN11: 129205.64 | AP11: 111264.31 | AQ11: 129205.64 | AR11: 11150.095 | AS11: 31.829583 | AT11: 3.5784908 | AV11: 98315.957 | AW11: 3.5784908 | AX11: 603235.8 | AY11: 35.489467 | AZ11: 2922.0742 | BB11: 147398.44 | BC11: 2922.0742 | BD11: 23040568 | BE11: 53.32575 | BF11: 216.35554 | BH11: 5068798.2 | BI11: 216.35554 | BJ11: 23040568 | BK11: 35.57035 | BL11: 2.4744745 | BN11: 629364.02 | BO11: 2.4744745 | BP11: 1672052.6 | BQ11: 78.67335 | BR11: 0 | BT11: 24472.449 | BU11: 0 | BV11: 1262327.5 | BW11: 55.771333 | BX11: 0 | BZ11: 445430.16 | CA11: 0 | CB11: 23040568 | CC11: 24.40505 | CD11: 0 | CF11: 23021.704 | CG11: 0 | CH11: 51368330 | CI11: 32.327283 | CJ11: 48.855102 | CL11: 1058657.5 | CM11: 48.855102 | CN11: 48401308 | CO11: 36.4433 | CP11: 0.5338072 | CR11: 18183.525 | CS11: 0.5338072 | CT11: 12981.651 | CU11: 71.791067 | CV11: 0.20445952 | CX11: 11210.363 | CY11: 0.20445952 | CZ11: 737506.89 | DA11: 78.673917 | DB11: 0 | DD11: 24879.574 | DE11: 0 | DF11: 1262327.5 | DG11: 79.543167 | DH11: 1.1743794 | DJ11: 11476.486 | DK11: 1.1743794 | DL11: 737506.89 | DM11: 88.088083 | DN11: 18.845318 | DP11: 17327.178 | DQ11: 18.845318 | DR11: 51368330 | DS11: 47.113083 | DT11: 5.2498432 | DV11: 66302.505 | DW11: 5.2498432 | DX11: 670289.38 | DY11: 100.03358 | DZ11: 1.9911254 | EB11: 1498.1225 | EC11: 1.9911254 | ED11: 3858.032 | EE11: 62.67335 | EF11: 0.016385036 | EH11: 27302.661 | EI11: 0.016385036 | EJ11: 115678.73 | EK11: 54.597967 | EL11: 4.2292085 | EN11: 12733.571 | EO11: 4.2292085 | EP11: 12437.215 | EQ11: 58.485917 | ER11: 15.746077 | ET11: 7840.3885 | EU11: 15.746077 | EV11: 32645397 | EW11: 61.1133 | EX11: 1380.6842 | EZ11: 481591.78 | FA11: 1380.6842 | FB11: 32645397 | FC11: 64.2375 | FD11: 19.309007 | FF11: 3441886.4 | FG11: 19.309007 | FH11: 51368330 | FI11: 67.256183 | FJ11: 2.9551998 | FL11: 34779.116 | FM11: 2.9551998 | FN11: 115678.73 | FO11: 16.636317 | FP11: 2.03624 | FR11: 44583.125 | FS11: 2.03624 | FT11: 4246747.3 | FU11: 50.9917 | FV11: 81.532461 | FX11: 13778020 | FY11: 81.532461 | FZ11: 162496.81 | GA11: 34.025633 | GB11: 0 | GD11: 34232021 | GE11: 0 | GF11: 603235.8 | GG11: 34.096067 | GH11: 0 | GJ11: 3804.5667 | GK11: 0 | GL11: 7688.1745 | GM11: 68.236917 | GN11: 0 | GP11: 1129.3835 | GQ11: 0 | GR11: 737506.89 | GS11: 95.5254 | GV11: 39.90563 | GX11: 3858.032 | GY11: 7.3256 | HB11: 765.75054 | HD11: 2564741.4 | HE11: 60.608583 | HH11: 604.2105 | HJ11: 115678.73 | HK11: 82.209167 | HL11: 181915.87 | HN11: 440596.47 | HO11: 181915.87 | HP11: 670289.38 | HQ11: 11.864017 | HR11: 2264.6617 | HT11: 149708.35 | HU11: 2264.6617 | HV11: 48401308 | HW11: 59.060467 | HX11: 5.1385601 | HZ11: 106821.97 | IA11: 5.1385601 | IB11: 32645397 | IC11: 53.3301 | ID11: 1921.5122 | IF11: 66065860 | IG11: 1921.5122 | IH11: 32645397 | II11: 14.6783 | IJ11: 24.19715 | IL11: 2325342.6 | IM11: 24.19715 | IN11: 605234.62 | IO11: 15.4772 | IP11: 29.001291 | IR11: 2172125.9 | IS11: 29.001291 | IT11: 615687.14 | IU11: 7.4871833 | IV11: 3067.5401 | IX11: 1.5275288e+08 | IY11: 3067.5401 | IZ11: 4246747.3 | JA11: 13.81325 | JB11: 36.354366 | JD11: 2455071.2 | JE11: 36.354366 | JF11: 1042611.3 | JG11: 76.497317 | JH11: 0.52037518 | JJ11: 38616.032 | JK11: 0.52037518 | JL11: 3092301.1 | JM11: 50.9892 | JN11: 15.840403 | JP11: 42652206 | JQ11: 15.840403 | JR11: 1.4916398e+08 | JS11: 31.842383 | JT11: 2.0607429 | JV11: 376457.94 | JW11: 2.0607429 | JX11: 15388356 | JY11: 25.003217 | JZ11: 10.061795 | KB11: 19985209 | KC11: 10.061795 | KD11: 4722402.9 | KE11: 10.644933 | KF11: 301.76437 | KH11: 971459.99 | KI11: 301.76437 | KJ11: 1042611.3 | KK11: 33.349183 | KL11: 0 | KN11: 37500680 | KO11: 0 | KP11: 48401308 | KQ11: 38.473767 | KR11: 173.30766 | KT11: 59255538 | KU11: 173.30766 | KV11: 15388356 | KW11: 100.01622 | KX11: 0 | KZ11: 756.2758 | LA11: 0 | LB11: 7988.4654 | LC11: 45.604033 | LD11: 5593.7142 | LF11: 8630586.1 | LG11: 5593.7142 | LH11: 319405.35 | LI11: 78.268733 | LJ11: 0 | LL11: 6085.2307 | LM11: 0 | LN11: 7988.4654 | LO11: 40.420783 | LP11: 73.381494 | LR11: 1305688.4 | LS11: 73.381494 | LT11: 670289.38 | LU11: 52.580783 | LV11: 531.24901 | LX11: 19929.714 | LY11: 531.24901 | LZ11: 22218.095 | MA11: 71.64805 | MB11: 8.1207824 | MD11: 75028.945 | ME11: 8.1207824 | MF11: 767157.92 | MG11: 63.253533 | MH11: 726.81739 | MJ11: 3838804.3 | MK11: 726.81739 | ML11: 469262.19 | MM11: 27.703133 | MN11: 1.3274085 | MP11: 51144.206 | MQ11: 1.3274085 | MR11: 319405.35 | MS11: 18.296867 | MT11: 314.11944 | MV11: 24225282 | MW11: 314.11944 | MX11: 4246747.3 | MY11: 47.18355 | MZ11: 616.46295 | NB11: 2846462 | NC11: 616.46295 | ND11: 4722402.9 | NE11: 12.750617 | NF11: 162.68263 | NH11: 1624513.8 | NI11: 162.68263 | NJ11: 4246747.3 | NK11: 86.339633 | NL11: 0 | NN11: 473.63117 | NO11: 0 | NP11: 7988.4654 | NQ11: 21.723583 | NR11: 0.45964848 | NT11: 539752.81 | NU11: 0.45964848 | NV11: 162496.81 | NW11: 45.896067 | NX11: 3.5751576 | NZ11: 6238.2142 | OA11: 3.5751576 | OB11: 7688.1745 | OC11: 41.2221 | OD11: 9.6588924 | OF11: 19548.016 | OG11: 9.6588924 | OH11: 7688.1745 | OI11: 42.030417 | OJ11: 0 | OL11: 179.44314 | OM11: 0 | ON11: 56033945 | OO11: 58.528267 | OP11: 1.0051787 | OR11: 431585.56 | OS11: 1.0051787 | OT11: 7988.4654 | OU11: 98.081767 | OV11: 0 | OX11: 3661.6299 | OY11: 0 | OZ11: 7988.4654 | PA11: 58.454167 | PB11: 0.037017313 | PD11: 12289.53 | PE11: 0.037017313 | PF11: 603235.8 | PG11: 71.319217 | PH11: 1438.363 | PJ11: 93725.029 | PK11: 1438.363 | PL11: 7688.1745 | PM11: 74.32995 | PN11: 1414.0993 | PP11: 89260.448 | PQ11: 1414.0993 | PR11: 469262.19 | PS11: 60.840917 | PT11: 30.498276 | PV11: 5419050 | PW11: 30.498276 | PX11: 14412974 | PY11: 66.098583 | PZ11: 5168.658 | QB11: 3.51272e+08 | QC11: 5168.658 | QD11: 51368330 | QE11: 49.06395 | QF11: 0.26327005 | QH11: 2561.2735 | QI11: 0.26327005 | QJ11: 12437.215 | QK11: 38.472083 | QL11: 59.529008 | QN11: 2375056.9 | QO11: 59.529008 | QP11: 12720.457 | QQ11: 47.1136 | QR11: 0.004159522 | QT11: 6347.1556 | QU11: 0.004159522 | QV11: 12981.651 | QW11: 95.875867 | QX11: 0 | QZ11: 7341.6529 | RA11: 0 | RB11: 7988.4654
C12: CoCiNe-1-2 | D12: Sample | G12: 1 | H12: 46096.015 | I12: 18.961633 | J12: 312.12381 | L12: 2.4679104e+08 | M12: 312.12381 | N12: 3017960.7 | O12: 40.400267 | P12: 17.744597 | R12: 21162.857 | S12: 17.744597 | T12: 486764.91 | U12: 34.207783 | V12: 191.72448 | X12: 75608528 | Y12: 191.72448 | Z12: 22741304 | AA12: 52.480017 | AB12: 0.90676876 | AD12: 98703.907 | AE12: 0.90676876 | AF12: 486764.91 | AG12: 39.4415 | AH12: 0.67982535 | AJ12: 3961.0584 | AK12: 0.67982535 | AL12: 10780.848 | AM12: 47.962517 | AN12: 129323.67 | AP12: 185989.55 | AQ12: 129323.67 | AR12: 18632.25 | AS12: 32.0235 | AT12: 4.0343983 | AV12: 83746.528 | AW12: 4.0343983 | AX12: 486764.91 | AY12: 35.0352 | AZ12: 2855.5811 | BB12: 142219.04 | BC12: 2855.5811 | BD12: 22741304 | BE12: 53.238717 | BF12: 215.75044 | BH12: 4999632.5 | BI12: 215.75044 | BJ12: 22741304 | BK12: 35.242933 | BL12: 0 | BN12: 81395.819 | BO12: 0 | BP12: 1648879.2 | BQ12: 78.666667 | BR12: 0 | BT12: 14814.449 | BU12: 0 | BV12: 1454839.8 | BW12: 55.76465 | BX12: 0 | BZ12: 637112.68 | CA12: 0 | CB12: 22741304 | CC12: 24.5988 | CD12: 3370.1486 | CF12: 10911678 | CG12: 3370.1486 | CH12: 58288788 | CI12: 32.580733 | CJ12: 52.665375 | CL12: 1044156.3 | CM12: 52.665375 | CN12: 45525134 | CO12: 36.436367 | CP12: 0.46795822 | CR12: 13483.95 | CS12: 0.46795822 | CT12: 10780.848 | CU12: 71.791067 | CV12: 0.19087829 | CX12: 10699.188 | CY12: 0.19087829 | CZ12: 723233.57 | DA12: 78.6739 | DB12: 0 | DD12: 15597.668 | DE12: 0 | DF12: 1454839.8 | DG12: 79.516467 | DH12: 2.1110696 | DJ12: 15067.569 | DK12: 2.1110696 | DL12: 723233.57 | DM12: 88.088083 | DN12: 20.477895 | DP12: 21010.908 | DQ12: 20.477895 | DR12: 58288788 | DS12: 47.066267 | DT12: 3.2274895 | DV12: 50250.417 | DW12: 3.2274895 | DX12: 734741.48 | DY12: 99.966817 | DZ12: 0 | EB12: 6481.9499 | EC12: 0 | ED12: 17088.108 | EE12: 62.513083 | EF12: 0 | EH12: 20405.269 | EI12: 0 | EJ12: 156552.63 | EK12: 54.52445 | EL12: 4.2366599 | EN12: 22474.346 | EO12: 4.2366599 | EP12: 21921.539 | EQ12: 58.405933 | ER12: 12.886021 | ET12: 6385.5779 | EU12: 12.886021 | EV12: 32669610 | EW12: 60.95975 | EX12: 942.80977 | EZ12: 331375.75 | FA12: 942.80977 | FB12: 32669610 | FC12: 64.22415 | FD12: 68.319186 | FF12: 4298753.4 | FG12: 68.319186 | FH12: 58288788 | FI12: 67.302933 | FJ12: 0.75830397 | FL12: 18586.532 | FM12: 0.75830397 | FN12: 156552.63 | FO12: 16.77655 | FP12: 1.979814 | FR12: 50971.926 | FS12: 1.979814 | FT12: 4977555.9 | FU12: 50.683917 | FV12: 143.80909 | FX12: 9952457.7 | FY12: 143.80909 | FZ12: 66557.389 | GA12: 34.206217 | GB12: 0 | GD12: 28861955 | GE12: 0 | GF12: 486764.91 | GG12: 33.6475 | GH12: 0 | GJ12: 3081.201 | GK12: 0 | GL12: 7425.9258 | GM12: 68.093417 | GN12: 0 | GP12: 1174.8026 | GQ12: 0 | GR12: 723233.57 | GS12: 95.6055 | GV12: 1755.3105 | GX12: 17088.108 | GY12: 7.2989 | HB12: 3330.698 | HD12: 3017960.7 | HE12: 60.608583 | HH12: 2969.8333 | HJ12: 156552.63 | HK12: 82.222517 | HL12: 211966.65 | HN12: 562679.41 | HO12: 211966.65 | HP12: 734741.48 | HQ12: 12.9144 | HR12: 2765.1841 | HT12: 154547.24 | HU12: 2765.1841 | HV12: 45525134 | HW12: 58.960067 | HX12: 3.4363444 | HZ12: 76204.507 | IA12: 3.4363444 | IB12: 32669610 | IC12: 53.236367 | ID12: 1878.2321 | IF12: 65231014 | IG12: 1878.2321 | IH12: 32669610 | II12: 14.8522 | IJ12: 29.504035 | IL12: 2375150.7 | IM12: 29.504035 | IN12: 527196.02 | IO12: 15.6377 | IP12: 27.47575 | IR12: 2128004.8 | IS12: 27.47575 | IT12: 631132.43 | IU12: 7.4170333 | IV12: 0 | IX12: 1.6937577e+08 | IY12: 0 | IZ12: 4977555.9 | JA12: 14.013233 | JB12: 35.669086 | JD12: 2458419.6 | JE12: 35.669086 | JF12: 1053949.3 | JG12: 76.51735 | JH12: 0.50290949 | JJ12: 34563.956 | JK12: 0.50290949 | JL12: 2840872.3 | JM12: 50.681683 | JN12: 15.83567 | JP12: 32253944 | JQ12: 15.83567 | JR12: 1.1283263e+08 | JS12: 31.30685 | JT12: 1.9441949 | JV12: 364179.12 | JW12: 1.9441949 | JX12: 15753729 | JY12: 24.602817 | JZ12: 10.896314 | KB12: 24319042 | KC12: 10.896314 | KD12: 5326481.1 | KE12: 10.958733 | KF12: 275.28269 | KH12: 924623.6 | KI12: 275.28269 | KJ12: 1053949.3 | KK12: 33.71675 | KL12: 0 | KN12: 21221239 | KO12: 0 | KP12: 45525134 | KQ12: 38.019867 | KR12: 149.23158 | KT12: 52258166 | KU12: 149.23158 | KV12: 15753729 | KW12: 99.976167 | KX12: 0 | KZ12: 1144.3354 | LA12: 0 | LB12: 11609.368 | LC12: 45.55725 | LD12: 5643.9504 | LF12: 9157898.8 | LG12: 5643.9504 | LH12: 335906.52 | LI12: 78.2821 | LJ12: 0 | LL12: 7847.113 | LM12: 0 | LN12: 11609.368 | LO12: 40.454217 | LP12: 11.623979 | LR12: 657360.08 | LS12: 11.623979 | LT12: 734741.48 | LU12: 52.4805 | LV12: 187.56746 | LX12: 20812.11 | LY12: 187.56746 | LZ12: 59772.536 | MA12: 71.634667 | MB12: 9.518975 | MD12: 77840.031 | ME12: 9.518975 | MF12: 717067.95 | MG12: 63.3337 | MH12: 657.46852 | MJ12: 4406981.1 | MK12: 657.46852 | ML12: 572344.65 | MM12: 27.275667 | MN12: 1.163237 | MP12: 48275.991 | MQ12: 1.163237 | MR12: 335906.52 | MS12: 18.270133 | MT12: 306.6198 | MV12: 28138930 | MW12: 306.6198 | MX12: 4977555.9 | MY12: 47.136733 | MZ12: 622.9808 | NB12: 3240546 | NC12: 622.9808 | ND12: 5326481.1 | NE12: 12.938017 | NF12: 132.9691 | NH12: 1635007.1 | NI12: 132.9691 | NJ12: 4977555.9 | NK12: 86.319617 | NL12: 0 | NN12: 309.36386 | NO12: 0 | NP12: 11609.368 | NQ12: 21.6635 | NR12: 0.4261378 | NT12: 215021.56 | NU12: 0.4261378 | NV12: 66557.389 | NW12: 45.78915 | NX12: 5.1460744 | NZ12: 8203.4916 | OA12: 5.1460744 | OB12: 7425.9258 | OC12: 41.24215 | OD12: 9.1146028 | OF12: 18041.668 | OG12: 9.1146028 | OH12: 7425.9258 | OI12: 41.7895 | OJ12: 0 | OL12: 5.8629123 | OM12: 0 | ON12: 51421555 | OO12: 58.40125 | OP12: 0.45778241 | OR12: 132480.67 | OS12: 0.45778241 | OT12: 11609.368 | OU12: 98.008367 | OV12: 14.786608 | OX12: 10327.688 | OY12: 14.786608 | OZ12: 11609.368 | PA12: 58.3939 | PB12: 0.16587638 | PD12: 17881.31 | PE12: 0.16587638 | PF12: 486764.91 | PG12: 71.319217 | PH12: 989.37025 | PJ12: 70506.921 | PK12: 989.37025 | PL12: 7425.9258 | PM12: 74.16975 | PN12: 2250.6628 | PP12: 167248.17 | PQ12: 2250.6628 | PR12: 572344.65 | PS12: 60.720733 | PT12: 23.820344 | PV12: 3635806.1 | PW12: 23.820344 | PX12: 12179955 | PY12: 66.07855 | PZ12: 5935.8247 | QB12: 4.0733641e+08 | QC12: 5935.8247 | QD12: 58288788 | QE12: 48.96975 | QF12: 0.19285454 | QH12: 3715.7697 | QI12: 0.19285454 | QJ12: 21921.539 | QK12: 38.024317 | QL12: 70.009907 | QN12: 2116443.9 | QO12: 70.009907 | QP12: 9642.09 | QQ12: 47.08685 | QR12: 0.010117014 | QT12: 5956.2633 | QU12: 0.010117014 | QV12: 10780.848 | QW12: 95.7557 | QX12: 0 | QZ12: 16648.771 | RA12: 0 | RB12: 11609.368
C13: CoCiNe-1-3 | D13: Sample | G13: 1 | H13: 46096.09 | I13: 18.173283 | J13: 336.90561 | L13: 186437744 | M13: 336.90561 | N13: 2263186.6 | O13: 40.400267 | P13: 18.032979 | R13: 25638.059 | S13: 18.032979 | T13: 584310.43 | U13: 34.120833 | V13: 211.78182 | X13: 81129862 | Y13: 211.78182 | Z13: 24049723 | AA13: 52.56025 | AB13: 1.0834237 | AD13: 136752.54 | AE13: 1.0834237 | AF13: 584310.43 | AG13: 39.42145 | AH13: 0.63855418 | AJ13: 4291.6261 | AK13: 0.63855418 | AL13: 12095.472 | AM13: 48.0032 | AN13: 128300.68 | AP13: 230720.19 | AQ13: 128300.68 | AR13: 23180.832 | AS13: 31.916467 | AT13: 2.8977424 | AV13: 87321.437 | AW13: 2.8977424 | AX13: 584310.43 | AY13: 35.188983 | AZ13: 2665.51 | BB13: 140531.86 | BC13: 2665.51 | BD13: 24049723 | BE13: 53.298967 | BF13: 202.80569 | BH13: 5211961.1 | BI13: 202.80569 | BJ13: 24049723 | BK13: 35.376917 | BL13: 0 | BN13: 65212.617 | BO13: 0 | BP13: 1776775.5 | BQ13: 78.659983 | BR13: 0 | BT13: 14105.415 | BU13: 0 | BV13: 1788652.3 | BW13: 55.778 | BX13: 31.282409 | BZ13: 796858.76 | CA13: 31.282409 | CB13: 24049723 | CC13: 24.6988 | CD13: 2520.4368 | CF13: 9968046.2 | CG13: 2520.4368 | CH13: 70219580 | CI13: 32.446967 | CJ13: 55.843103 | CL13: 1076907.1 | CM13: 55.843103 | CN13: 45205228 | CO13: 36.4163 | CP13: 0.48601774 | CR13: 15625.708 | CS13: 0.48601774 | CT13: 12095.472 | CU13: 71.784383 | CV13: 0.1907411 | CX13: 13605.507 | CY13: 0.1907411 | CZ13: 919947.72 | DA13: 78.660533 | DB13: 0 | DD13: 15148.571 | DE13: 0 | DF13: 1788652.3 | DG13: 79.5031 | DH13: 2.0865224 | DJ13: 19038.726 | DK13: 2.0865224 | DL13: 919947.72 | DM13: 88.088083 | DN13: 21.287702 | DP13: 26117.839 | DQ13: 21.287702 | DR13: 70219580 | DS13: 47.0997 | DT13: 3.6587437 | DV13: 57107.898 | DW13: 3.6587437 | DX13: 762444.27 | DY13: 99.973483 | DZ13: 0 | EB13: 7037.1953 | EC13: 0 | ED13: 18666.701 | EE13: 62.599883 | EF13: 0 | EH13: 21241.734 | EI13: 0 | EJ13: 202908.52 | EK13: 54.5779 | EL13: 4.5606398 | EN13: 34029.876 | EO13: 4.5606398 | EP13: 31345.897 | EQ13: 58.459183 | ER13: 13.770959 | ET13: 8134.3715 | EU13: 13.770959 | EV13: 38865987 | EW13: 61.059883 | EX13: 1048.1326 | EZ13: 437314.1 | FA13: 1048.1326 | FB13: 38865987 | FC13: 64.230817 | FD13: 69.359313 | FF13: 5188692.1 | FG13: 69.359313 | FH13: 70219580 | FI13: 67.202733 | FJ13: 0.70240951 | FL13: 23150.876 | FM13: 0.70240951 | FN13: 202908.52 | FO13: 16.649683 | FP13: 1.91781 | FR13: 35889.187 | FS13: 1.91781 | FT13: 3604405 | FU13: 50.81745 | FV13: 146.84482 | FX13: 11350152 | FY13: 146.84482 | FZ13: 74335.631 | GA13: 34.119267 | GB13: 0 | GD13: 34184364 | GE13: 0 | GF13: 584310.43 | GG13: 33.801767 | GH13: 0 | GJ13: 3923.0417 | GK13: 0 | GL13: 10411.287 | GM13: 68.173517 | GN13: 0 | GP13: 1173.4295 | GQ13: 0 | GR13: 919947.72 | GS13: 95.598833 | GV13: 1039.4961 | GX13: 18666.701 | HD13: 2263186.6 | HE13: 60.61525 | HH13: 2900.9593 | HJ13: 202908.52 | HK13: 82.229183 | HL13: 168151.74 | HN13: 463282.56 | HO13: 168151.74 | HP13: 762444.27 | HQ13: 11.663067 | HR13: 8382.3957 | HT13: 306522.65 | HU13: 8382.3957 | HV13: 45205228 | HW13: 59.000183 | HX13: 4.7102508 | HZ13: 117988.1 | IA13: 4.7102508 | IB13: 38865987 | IC13: 53.296617 | ID13: 1810.4764 | IF13: 75957133 | IG13: 1810.4764 | IH13: 38865987 | II13: 14.671617 | IJ13: 24.92249 | IL13: 1914185.5 | IM13: 24.92249 | IN13: 486736.06 | IO13: 15.477183 | IP13: 30.124728 | IR13: 1771674.9 | IS13: 30.124728 | IT13: 486318.72 | IU13: 7.50745 | IV13: 0 | IX13: 1.0035258e+08 | IY13: 0 | IZ13: 3604405 | JA13: 13.806567 | JB13: 36.897657 | JD13: 2053340.5 | JE13: 36.897657 | JF13: 865549.6 | JG13: 76.510667 | JH13: 0.50177814 | JJ13: 39249.011 | JK13: 0.50177814 | JL13: 3231470 | JM13: 50.815217 | JN13: 16.272599 | JP13: 38624673 | JQ13: 16.272599 | JR13: 1.3150122e+08 | JS13: 31.4739 | JT13: 1.9820637 | JV13: 357026.64 | JW13: 1.9820637 | JX13: 15157396 | JY13: 24.702517 | JZ13: 11.09035 | KB13: 22332309 | KC13: 11.09035 | KD13: 4809605.2 | KE13: 10.698333 | KF13: 269.99565 | KH13: 749930.18 | KI13: 269.99565 | KJ13: 865549.6 | KK13: 33.5762 | KL13: 51613.204 | KN13: 52560260 | KO13: 51613.204 | KP13: 45205228 | KQ13: 38.180133 | KR13: 160.72111 | KT13: 54138881 | KU13: 160.72111 | KV13: 15157396 | KW13: 99.969483 | KX13: 0 | KZ13: 4697.2154 | LA13: 0 | LB13: 14135.692 | LC13: 45.581017 | LD13: 7329.3326 | LF13: 11254438 | LG13: 7329.3326 | LH13: 317948.97 | LI13: 78.242 | LJ13: 0 | LL13: 10982.749 | LM13: 0 | LN13: 14135.692 | LO13: 40.427467 | LP13: 9.1411812 | LR13: 649860.53 | LS13: 9.1411812 | LT13: 762444.27 | LU13: 52.554033 | LV13: 123.29105 | LX13: 19130.088 | LY13: 123.29105 | LZ13: 77907.94 | MA13: 71.627983 | MB13: 7.8040318 | MD13: 91283.656 | ME13: 7.8040318 | MF13: 957199.15 | MG13: 63.133 | MH13: 556.66792 | MJ13: 6093463.4 | MK13: 556.66792 | ML13: 870339.1 | MM13: 27.395883 | MN13: 1.4134047 | MP13: 53643.164 | MQ13: 1.4134047 | MR13: 317948.97 | MS13: 18.323583 | MT13: 322.56258 | MV13: 20769131 | MW13: 322.56258 | MX13: 3604405 | MY13: 47.170167 | MZ13: 608.01773 | NB13: 2863958 | NC13: 608.01773 | ND13: 4809605.2 | NE13: 12.730567 | NF13: 134.77698 | NH13: 1195814.7 | NI13: 134.77698 | NJ13: 3604405 | NK13: 86.2996 | NL13: 0 | NN13: 512.6728 | NO13: 0 | NP13: 14135.692 | NQ13: 21.5767 | NR13: 0.36892204 | NT13: 228600.15 | NU13: 0.36892204 | NV13: 74335.631 | NW13: 45.789133 | NX13: 18.051145 | NZ13: 36587.497 | OA13: 18.051145 | OB13: 10411.287 | OC13: 41.228783 | OD13: 9.8419133 | OF13: 26867.622 | OG13: 9.8419133 | OH13: 10411.287 | OI13: 41.836233 | OJ13: 0 | OL13: 65.20716 | OM13: 0 | ON13: 54792702 | OO13: 58.468083 | OP13: 0.41172874 | OR13: 110629.8 | OS13: 0.41172874 | OT13: 14135.692 | OU13: 98.00835 | OV13: 13.742604 | OX13: 12251.669 | OY13: 13.742604 | OZ13: 14135.692 | PA13: 58.46085 | PB13: 0.1247408 | PD13: 18412.597 | PE13: 0.1247408 | PF13: 584310.43 | PG13: 71.272433 | PH13: 0 | PJ13: 31906.097 | PK13: 0 | PL13: 10411.287 | PM13: 74.016233 | PN13: 2399.2552 | PP13: 270095.42 | PQ13: 2399.2552 | PR13: 870339.1 | PS13: 60.794167 | PT13: 30.312451 | PV13: 5266734.3 | PW13: 30.312451 | PX13: 14088647 | PY13: 66.111933 | PZ13: 4074.1391 | QB13: 4.6516037e+08 | QC13: 4074.1391 | QD13: 70219580 | QE13: 49.0036 | QF13: 0.16064024 | QH13: 4790.7627 | QI13: 0.16064024 | QJ13: 31345.897 | QK13: 38.184583 | QL13: 46.888956 | QN13: 2207082.1 | QO13: 46.888956 | QP13: 14997.036 | QQ13: 47.1069 | QR13: 0.015815432 | QT13: 7417.846 | QU13: 0.015815432 | QV13: 12095.472 | QW13: 95.775717 | QX13: 0 | QZ13: 9068.1081 | RA13: 0 | RB13: 14135.692
C14: CoCiNe-2-1 | D14: Sample | G14: 1 | H14: 46096.167 | I14: 18.774567 | J14: 201.11752 | L14: 2.5293416e+08 | M14: 201.11752 | N14: 3198979 | O14: 40.41365 | P14: 17.585895 | R14: 23160.586 | S14: 17.585895 | T14: 535431.64 | U14: 34.134217 | V14: 176.6254 | X14: 80750860 | Y14: 176.6254 | Z14: 24558801 | AA14: 52.553567 | AB14: 1.0985687 | AD14: 126748.11 | AE14: 1.0985687 | AF14: 535431.64 | AG14: 39.4481 | AH14: 0.29621962 | AJ14: 2947.8095 | AK14: 0.29621962 | AL14: 11778.571 | AM14: 47.955833 | AN14: 117263.75 | AP14: 94531.602 | AQ14: 117263.75 | AR14: 9806.7809 | AS14: 31.949883 | AT14: 4.2003042 | AV14: 93886.005 | AW14: 4.2003042 | AX14: 535431.64 | AY14: 35.26255 | AZ14: 3260.661 | BB14: 175064.92 | BC14: 3260.661 | BD14: 24558801 | BE14: 53.285583 | BF14: 200.53745 | BH14: 5308808.5 | BI14: 200.53745 | BJ14: 24558801 | BK14: 35.456933 | BL14: 0 | BN14: 81440.619 | BO14: 0 | BP14: 1920164.2 | BQ14: 78.659983 | BR14: 0 | BT14: 19515.524 | BU14: 0 | BV14: 1361788.2 | BW14: 55.784683 | BX14: 0 | BZ14: 418043.03 | CA14: 0 | CB14: 24558801 | CC14: 24.839133 | CD14: 4037.5642 | CF14: 11052198 | CG14: 4037.5642 | CH14: 49619628 | CI14: 32.473717 | CJ14: 48.118823 | CL14: 1157652.2 | CM14: 48.118823 | CN14: 53429216 | CO14: 36.436367 | CP14: 0.55907118 | CR14: 17176.114 | CS14: 0.55907118 | CT14: 11778.571 | CU14: 71.7777 | CV14: 0.20542418 | CX14: 9464.0432 | CY14: 0.20542418 | CZ14: 621438.76 | DA14: 78.65385 | DB14: 0 | DD14: 15811.304 | DE14: 0 | DF14: 1361788.2 | DG14: 79.509783 | DH14: 2.5282777 | DJ14: 14406.185 | DK14: 2.5282777 | DL14: 621438.76 | DM14: 88.088083 | DN14: 27.137041 | DP14: 22571.39 | DQ14: 27.137041 | DR14: 49619628 | DS14: 47.093017 | DT14: 2.5102222 | DV14: 41678.993 | DW14: 2.5102222 | DX14: 724021.77 | DY14: 99.966817 | DZ14: 0 | EB14: 11818.035 | EC14: 0 | ED14: 31182.778 | EE14: 62.5999 | EF14: 0 | EH14: 17720.188 | EI14: 0 | EJ14: 183797.2 | EK14: 54.571233 | EL14: 3.9008415 | EN14: 28219.261 | EO14: 3.9008415 | EP14: 29315.57 | EQ14: 58.465867 | ER14: 13.347137 | ET14: 5765.2176 | EU14: 13.347137 | EV14: 28446676 | EW14: 61.066567 | EX14: 1247.4151 | EZ14: 379747.47 | FA14: 1247.4151 | FB14: 28446676 | FC14: 64.2375 | FD14: 29.045483 | FF14: 3391207.2 | FG14: 29.045483 | FH14: 49619628 | FI14: 67.189383 | FJ14: 0.60786765 | FL14: 19531.386 | FM14: 0.60786765 | FN14: 183797.2 | FO14: 16.830017 | FP14: 1.3040085 | FR14: 37498.598 | FS14: 1.3040085 | FT14: 5242822.1 | FU14: 50.83805 | FV14: 228.06979 | FX14: 14576730 | FY14: 228.06979 | FZ14: 61471.729 | GA14: 34.13265 | GB14: 1.3754784 | GD14: 33025853 | GE14: 1.3754784 | GF14: 535431.64 | GG14: 33.8954 | GH14: 0 | GJ14: 3574.9985 | GK14: 0 | GL14: 12019.039 | GM14: 68.186867 | GN14: 0 | GP14: 942.30548 | GQ14: 0 | GR14: 621438.76 | GS14: 95.59215 | GV14: 2297.508 | GX14: 31182.778 | GY14: 7.3389667 | HB14: 6755.7932 | HD14: 3198979 | HE14: 60.628617 | HH14: 2549.7974 | HJ14: 183797.2 | HK14: 82.222517 | HL14: 421289.91 | HN14: 1101650.1 | HO14: 421289.91 | HP14: 724021.77 | HQ14: 12.50575 | HR14: 589.51048 | HT14: 111310.28 | HU14: 589.51048 | HV14: 53429216 | HW14: 59.006883 | HX14: 4.8208341 | HZ14: 88093.912 | IA14: 4.8208341 | IB14: 28446676 | IC14: 53.283233 | ID14: 1568.9088 | IF14: 51298814 | IG14: 1568.9088 | IH14: 28446676 | II14: 14.9124 | IJ14: 19.677574 | IL14: 1988525.4 | IM14: 19.677574 | IN14: 606768.08 | IO14: 15.677817 | IP14: 26.023456 | IR14: 1982291.9 | IS14: 26.023456 | IT14: 615049.2 | IU14: 7.53415 | IV14: 0 | IX14: 1.5027689e+08 | IY14: 0 | IZ14: 5242822.1 | JA14: 14.080117 | JB14: 26.282917 | JD14: 2649442.3 | JE14: 26.282917 | JF14: 1305700.4 | JG14: 76.503983 | JH14: 0.562024 | JJ14: 34754.592 | JK14: 0.562024 | JL14: 2622282.9 | JM14: 50.842233 | JN14: 17.456459 | JP14: 47914895 | JQ14: 17.456459 | JR14: 1.5209637e+08 | JS14: 31.601783 | JT14: 1.8368129 | JV14: 380646.19 | JW14: 1.8368129 | JX14: 17400077 | JY14: 24.84285 | JZ14: 11.700356 | KB14: 27378366 | KC14: 11.700356 | KD14: 5602070.6 | KE14: 10.745083 | KF14: 311.15864 | KH14: 1241821.5 | KI14: 311.15864 | KJ14: 1305700.4 | KK14: 33.562817 | KL14: 0 | KN14: 39765024 | KO14: 0 | KP14: 53429216 | KQ14: 38.246917 | KR14: 174.21115 | KT14: 67350363 | KU14: 174.21115 | KV14: 17400077 | KW14: 99.962817 | KX14: 0 | KZ14: 2774.5783 | LA14: 0 | LB14: 10818.696 | LC14: 45.583983 | LD14: 4014.1549 | LF14: 7116179.9 | LG14: 4014.1549 | LH14: 366856.07 | LI14: 78.26205 | LJ14: 0 | LL14: 12543.46 | LM14: 0 | LN14: 10818.696 | LO14: 40.440833 | LP14: 7.5120532 | LR14: 596994.95 | LS14: 7.5120532 | LT14: 724021.77 | LU14: 52.560717 | LV14: 267.10774 | LX14: 17274.964 | LY14: 267.10774 | LZ14: 36352.725 | MA14: 71.614633 | MB14: 9.4848015 | MD14: 66603.01 | ME14: 9.4848015 | MF14: 615040.64 | MG14: 63.193417 | MH14: 656.51143 | MJ14: 3801919.6 | MK14: 656.51143 | ML14: 494189.68 | MM14: 27.509433 | MN14: 1.3927708 | MP14: 61138.197 | MQ14: 1.3927708 | MR14: 366856.07 | MS14: 18.457167 | MT14: 291.19854 | MV14: 29085797 | MW14: 291.19854 | MX14: 5242822.1 | MY14: 47.163483 | MZ14: 482.63544 | NB14: 2729459.5 | NC14: 482.63544 | ND14: 5602070.6 | NE14: 13.011567 | NF14: 136.40064 | NH14: 1754870.1 | NI14: 136.40064 | NJ14: 5242822.1 | NK14: 86.31295 | NL14: 0 | NN14: 456.34375 | NO14: 0 | NP14: 10818.696 | NQ14: 21.670167 | NR14: 0.39200975 | NT14: 192894.63 | NU14: 0.39200975 | NV14: 61471.729 | NW14: 45.849283 | NX14: 16.506904 | NZ14: 38772.091 | OA14: 16.506904 | OB14: 12019.039 | OC14: 41.235467 | OD14: 3.8123859 | OF14: 15963.724 | OG14: 3.8123859 | OH14: 12019.039 | OI14: 41.869633 | OJ14: 0 | OL14: 191.71304 | OM14: 0 | ON14: 62134377 | OO14: 58.461417 | OP14: 0.4256251 | OR14: 96374.019 | OS14: 0.4256251 | OT14: 10818.696 | OU14: 98.015033 | OV14: 44.614759 | OX14: 16696.745 | OY14: 44.614759 | OZ14: 10818.696 | PA14: 58.474217 | PB14: 0.094763486 | PD14: 14834.24 | PE14: 0.094763486 | PF14: 535431.64 | PG14: 71.2056 | PH14: 0 | PJ14: 11555.804 | PK14: 0 | PL14: 12019.039 | PM14: 74.016233 | PN14: 2247.5221 | PP14: 144220.8 | PQ14: 2247.5221 | PR14: 494189.68 | PS14: 60.794183 | PT14: 27.528585 | PV14: 4075951.7 | PW14: 27.528585 | PX14: 11934386 | PY14: 66.0919 | PZ14: 4157.4216 | QB14: 329506411 | QC14: 4157.4216 | QD14: 49619628 | QE14: 49.03035 | QF14: 0.14701828 | QH14: 4273.8399 | QI14: 0.14701828 | QJ14: 29315.57 | QK14: 38.244683 | QL14: 69.579076 | QN14: 2657882 | QO14: 69.579076 | QP14: 12183.585 | QQ14: 47.1136 | QR14: 0 | QT14: 4877.1012 | QU14: 0 | QV14: 11778.571 | QW14: 95.7557 | QX14: 0 | QZ14: 17739.433 | RA14: 0 | RB14: 10818.696
C15: CoCiNe-2-2 | D15: Sample | G15: 1 | H15: 46096.242 | I15: 19.295683 | J15: 364.53671 | L15: 2.6993373e+08 | M15: 364.53671 | N15: 3250168.6 | O15: 40.4337 | P15: 21.69391 | R15: 25982.228 | S15: 21.69391 | T15: 530607.36 | U15: 34.274683 | V15: 242.99677 | X15: 93433214 | Y15: 242.99677 | Z15: 27088278 | AA15: 52.480017 | AB15: 0.81188062 | AD15: 98683.084 | AE15: 0.81188062 | AF15: 530607.36 | AG15: 39.46815 | AH15: 0.54701183 | AJ15: 5003.7105 | AK15: 0.54701183 | AL15: 15308.562 | AM15: 47.962517 | AN15: 111203.85 | AP15: 150578.42 | AQ15: 111203.85 | AR15: 15905.272 | AS15: 32.083617 | AT15: 5.7634659 | AV15: 109534.08 | AW15: 5.7634659 | AX15: 530607.36 | AY15: 35.015133 | AZ15: 3623.9257 | BB15: 214342.37 | BC15: 3623.9257 | BD15: 27088278 | BE15: 53.232017 | BF15: 199.98132 | BH15: 5851953.6 | BI15: 199.98132 | BJ15: 27088278 | BK15: 35.222867 | BL15: 0 | BN15: 96268.279 | BO15: 0 | BP15: 2297887.9 | BQ15: 78.666667 | BR15: 0 | BT15: 12122.205 | BU15: 0 | BV15: 814467.17 | BW15: 55.757967 | BX15: 0 | BZ15: 555255.24 | CA15: 0 | CB15: 27088278 | CC15: 24.61885 | CD15: 4234.9755 | CF15: 10472796 | CG15: 4234.9755 | CH15: 44899434 | CI15: 32.654133 | CJ15: 56.470293 | CL15: 1349605.5 | CM15: 56.470293 | CN15: 56239068 | CO15: 36.4433 | CP15: 0.60972406 | CR15: 24089.833 | CS15: 0.60972406 | CT15: 15308.562 | CU15: 71.7777 | CV15: 0.32066669 | CX15: 8144.7684 | CY15: 0.32066669 | CZ15: 435988.26 | DA15: 78.667233 | DB15: 0 | DD15: 21723.598 | DE15: 0 | DF15: 814467.17 | DG15: 79.516467 | DH15: 1.7785409 | DJ15: 8267.1586 | DK15: 1.7785409 | DL15: 435988.26 | DM15: 88.094767 | DN15: 20.299699 | DP15: 16071.099 | DQ15: 20.299699 | DR15: 44899434 | DS15: 47.0997 | DT15: 2.2735174 | DV15: 43245.608 | DW15: 2.2735174 | DX15: 800944.7 | DY15: 99.9735 | DZ15: 0 | EB15: 3252.0255 | EC15: 0 | ED15: 8605.228 | EE15: 62.49305 | EF15: 0 | EH15: 12215.688 | EI15: 0 | EJ15: 65753.812 | EK15: 54.537817 | EL15: 4.1254196 | EN15: 27648.944 | EO15: 4.1254196 | EP15: 27525.726 | EQ15: 58.392567 | ER15: 14.688679 | ET15: 5658.8722 | EU15: 14.688679 | EV15: 25303624 | EW15: 60.966417 | EX15: 900.53925 | EZ15: 245402.43 | FA15: 900.53925 | FB15: 25303624 | FC15: 64.217467 | FD15: 115.72056 | FF15: 3604212 | FG15: 115.72056 | FH15: 44899434 | FI15: 67.302933 | FJ15: 0.96578665 | FL15: 8936.3282 | FM15: 0.96578665 | FN15: 65753.812 | FO15: 16.890183 | FP15: 1.2697683 | FR15: 37310.564 | FS15: 1.2697683 | FT15: 5333193.8 | FU15: 50.677233 | FV15: 265.16589 | FX15: 16444634 | FY15: 265.16589 | FZ15: 59648.149 | GA15: 34.2731 | GB15: 9.8311116 | GD15: 38561538 | GE15: 9.8311116 | GF15: 530607.36 | GG15: 33.67425 | GH15: 0 | GJ15: 4295.1316 | GK15: 0 | GL15: 14361.229 | GM15: 68.11345 | GN15: 0 | GP15: 551.43428 | GQ15: 0 | GR15: 435988.26 | GS15: 95.625533 | GV15: 777.39222 | GX15: 8605.228 | GY15: 7.2989 | HB15: 19572.716 | HD15: 3250168.6 | HE15: 60.621933 | HH15: 576.30774 | HJ15: 65753.812 | HK15: 82.229183 | HL15: 268123.07 | HN15: 775770.52 | HO15: 268123.07 | HP15: 800944.7 | HQ15: 11.576233 | HR15: 0 | HT15: 32524.608 | HU15: 0 | HV15: 56239068 | HW15: 58.940017 | HX15: 4.1364463 | HZ15: 68801.359 | IA15: 4.1364463 | IB15: 25303624 | IC15: 53.236367 | ID15: 1815.7351 | IF15: 49534919 | IG15: 1815.7351 | IH15: 25303624 | II15: 14.94585 | IJ15: 37.349348 | IL15: 1979455.6 | IM15: 37.349348 | IN15: 360840.64 | IO15: 15.724633 | IP15: 29.345419 | IR15: 1936338.9 | IS15: 29.345419 | IT15: 543424.53 | IU15: 7.64765 | IV15: 0 | IX15: 1.584118e+08 | IY15: 0 | IZ15: 5333193.8 | JA15: 14.0868 | JB15: 43.318443 | JD15: 1962378.6 | JE15: 43.318443 | JF15: 760649.27 | JG15: 76.524017 | JH15: 0.60334166 | JJ15: 20199.449 | JK15: 0.60334166 | JL15: 1441454.6 | JM15: 50.675017 | JN15: 22.469624 | JP15: 54608938 | JQ15: 22.469624 | JR15: 1.3474906e+08 | JS15: 31.300167 | JT15: 1.9153771 | JV15: 467526.23 | JW15: 1.9153771 | JX15: 20519939 | JY15: 24.62285 | JZ15: 11.864913 | KB15: 32508789 | KC15: 11.864913 | KD15: 6563473.2 | KE15: 10.958733 | KF15: 271.59253 | KH15: 661540.44 | KI15: 271.59253 | KJ15: 760649.27 | KK15: 33.830483 | KL15: 0 | KN15: 29184438 | KO15: 0 | KP15: 56239068 | KQ15: 38.006517 | KR15: 174.92201 | KT15: 79749612 | KU15: 174.92201 | KV15: 20519939 | KW15: 100.00955 | KX15: 0 | KZ15: 1149.1262 | LA15: 0 | LB15: 5661.2299 | LC15: 45.563933 | LD15: 5392.9998 | LF15: 8085869.5 | LG15: 5392.9998 | LH15: 310372.64 | LI15: 78.2821 | LJ15: 0 | LL15: 2726.3732 | LM15: 0 | LN15: 5661.2299 | LO15: 40.467583 | LP15: 13.34043 | LR15: 740037.63 | LS15: 13.34043 | LT15: 800944.7 | LU15: 52.4805 | LV15: 153.79374 | LX15: 16915.073 | LY15: 153.79374 | LZ15: 57484.164 | MA15: 71.634683 | MB15: 6.7192838 | MD15: 38198.395 | ME15: 6.7192838 | MF15: 438942.38 | MG15: 63.220133 | MH15: 755.7744 | MJ15: 3446405.1 | MK15: 755.7744 | ML15: 411206.47 | MM15: 27.275667 | MN15: 1.5679174 | MP15: 57156.916 | MQ15: 1.5679174 | MR15: 310372.64 | MS15: 18.517283 | MT15: 330.30718 | MV15: 31013041 | MW15: 330.30718 | MX15: 5333193.8 | MY15: 47.150117 | MZ15: 457.93329 | NB15: 3057908.2 | NC15: 457.93329 | ND15: 6563473.2 | NE15: 12.978133 | NF15: 40.608985 | NH15: 855724.46 | NI15: 40.608985 | NJ15: 5333193.8 | NK15: 86.3263 | NL15: 0 | NN15: 383.96731 | NO15: 0 | NP15: 5661.2299 | NQ15: 21.730267 | NR15: 0.42353286 | NT15: 192278.49 | NU15: 0.42353286 | NV15: 59648.149 | NW15: 45.775783 | NX15: 8.3873011 | NZ15: 24555.962 | OA15: 8.3873011 | OB15: 14361.229 | OC15: 41.262217 | OD15: 3.8510907 | OF15: 19190.086 | OG15: 3.8510907 | OH15: 14361.229 | OI15: 41.622567 | OJ15: 0 | OL15: 214.04669 | OM15: 0 | ON15: 70387248 | OO15: 58.3879 | OP15: 0.52989137 | OR15: 96383.47 | OS15: 0.52989137 | OT15: 5661.2299 | OU15: 98.0217 | OV15: 13.610409 | OX15: 4890.2922 | OY15: 13.610409 | OZ15: 5661.2299 | PA15: 58.373867 | PB15: 0.066796578 | PD15: 12816.292 | PE15: 0.066796578 | PF15: 530607.36 | PG15: 71.339267 | PH15: 202.52751 | PJ15: 68501.258 | PK15: 202.52751 | PL15: 14361.229 | PM15: 74.35665 | PN15: 1816.1965 | PP15: 98377.764 | PQ15: 1816.1965 | PR15: 411206.47 | PS15: 60.727417 | PT15: 24.032838 | PV15: 3433063.8 | PW15: 24.032838 | PX15: 11406562 | PY15: 66.0652 | PZ15: 7421.762 | QB15: 3.268087e+08 | QC15: 7421.762 | QD15: 44899434 | QE15: 48.956383 | QF15: 0.24307533 | QH15: 5380.9346 | QI15: 0.24307533 | QJ15: 27525.726 | QK15: 38.010967 | QL15: 66.215133 | QN15: 3120673.7 | QO15: 66.215133 | QP15: 15030.063 | QQ15: 47.100217 | QR15: 0.00421034 | QT15: 7493.1577 | QU15: 0.00421034 | QV15: 15308.562 | QW15: 95.76905 | QX15: 0 | QZ15: 10584.449 | RA15: 0 | RB15: 5661.2299
C16: CoCiNe-2-3 | D16: Sample | G16: 1 | H16: 46096.318 | I16: 19.810117 | J16: 486.27886 | L16: 3.1979733e+08 | M16: 486.27886 | N16: 3717666.8 | O16: 40.447083 | P16: 21.08254 | R16: 31506.291 | S16: 21.08254 | T16: 654784.76 | U16: 34.368317 | V16: 233.87095 | X16: 1.0356362e+08 | Y16: 233.87095 | Z16: 30219427 | AA16: 52.433217 | AB16: 1.1431847 | AD16: 160172.01 | AE16: 1.1431847 | AF16: 654784.76 | AG16: 39.481517 | AH16: 0.54671794 | AJ16: 4516.9985 | AK16: 0.54671794 | AL16: 13823.291 | AM16: 48.029917 | AN16: 115579.6 | AP16: 271852.5 | AQ16: 115579.6 | AR16: 28342.911 | AS16: 32.177217 | AT16: 4.6619545 | AV16: 120825.33 | AW16: 4.6619545 | AX16: 654784.76 | AY16: 34.934883 | AZ16: 2761.3305 | BB16: 182835.91 | BC16: 2761.3305 | BD16: 30219427 | BE16: 53.205233 | BF16: 249.32715 | BH16: 6889186.9 | BI16: 249.32715 | BJ16: 30219427 | BK16: 35.196117 | BL16: 0 | BN16: 104420.63 | BO16: 0 | BP16: 2056502.4 | BQ16: 78.659983 | BR16: 0 | BT16: 18944.23 | BU16: 0 | BV16: 1964044.7 | BW16: 55.778 | BX16: 28.736214 | BZ16: 998590.45 | CA16: 28.736214 | CB16: 30219427 | CC16: 24.6322 | CD16: 2903.8304 | CF16: 13084872 | CG16: 2903.8304 | CH16: 80586724 | CI16: 32.761183 | CJ16: 62.243885 | CL16: 1476712.4 | CM16: 62.243885 | CN16: 57664088 | CO16: 36.456683 | CP16: 0.58066387 | CR16: 20837.652 | CS16: 0.58066387 | CT16: 13823.291 | CU16: 71.79775 | CV16: 0.29974931 | CX16: 17136.329 | CY16: 0.29974931 | CZ16: 949138.44 | DA16: 78.660533 | DB16: 0 | DD16: 16102.374 | DE16: 0 | DF16: 1964044.7 | DG16: 79.496433 | DH16: 1.7500809 | DJ16: 17845.405 | DK16: 1.7500809 | DL16: 949138.44 | DM16: 88.081417 | DN16: 21.16105 | DP16: 29829.123 | DQ16: 21.16105 | DR16: 80586724 | DS16: 47.07295 | DT16: 2.833032 | DV16: 56990.181 | DW16: 2.833032 | DX16: 912744.71 | DY16: 99.9735 | DZ16: 0 | EB16: 8839.7488 | EC16: 0 | ED16: 23432.906 | EE16: 62.452983 | EF16: 0 | EH16: 28513.025 | EI16: 0 | EJ16: 193802.31 | EK16: 54.48435 | EL16: 4.2647475 | EN16: 32058.244 | EO16: 4.2647475 | EP16: 31110.779 | EQ16: 58.339117 | ER16: 14.618274 | ET16: 9648.2775 | EU16: 14.618274 | EV16: 43355600 | EW16: 60.892983 | EX16: 1021.9301 | EZ16: 475873.01 | FA16: 1021.9301 | FB16: 43355600 | FC16: 64.217467 | FD16: 116.8775 | FF16: 6481769.1 | FG16: 116.8775 | FH16: 80586724 | FI16: 67.049383 | FJ16: 0.96313669 | FL16: 26296.339 | FM16: 0.96313669 | FN16: 193802.31 | FO16: 17.036967 | FP16: 1.2311055 | FR16: 38056.403 | FS16: 1.2311055 | FT16: 5580731 | FU16: 50.577083 | FV16: 163.17668 | FX16: 13054836 | FY16: 163.17668 | FZ16: 76944.132 | GA16: 34.366733 | GB16: 2.433356 | GD16: 41288235 | GE16: 2.433356 | GF16: 654784.76 | GG16: 33.593817 | GH16: 0 | GJ16: 4749.9029 | GK16: 0 | GL16: 8575.0919 | GM16: 68.093417 | GN16: 0 | GP16: 768.1886 | GQ16: 0 | GR16: 949138.44 | GS16: 95.598833 | GV16: 1848.4641 | GX16: 23432.906 | GY16: 7.9659167 | HB16: 26575.33 | HD16: 3717666.8 | HE16: 60.61525 | HH16: 5904.6791 | HJ16: 193802.31 | HK16: 82.229183 | HL16: 206782.02 | HN16: 681912.25 | HO16: 206782.02 | HP16: 912744.71 | HQ16: 11.576233 | HR16: 0 | HT16: 40922.686 | HU16: 0 | HV16: 57664088 | HW16: 58.913267 | HX16: 4.8569941 | HZ16: 135129.38 | IA16: 4.8569941 | IB16: 43355600 | IC16: 53.2029 | ID16: 1516.1784 | IF16: 76755503 | IG16: 1516.1784 | IH16: 43355600 | II16: 15.05285 | IJ16: 42.954084 | IL16: 2169868.2 | IM16: 42.954084 | IN16: 350765.09 | IO16: 15.8517 | IP16: 29.091586 | IR16: 1888216.2 | IS16: 29.091586 | IT16: 533813.89 | IU16: 7.56085 | IV16: 8262.6818 | IX16: 2.1317001e+08 | IY16: 8262.6818 | IZ16: 5580731 | JA16: 14.147 | JB16: 35.482348 | JD16: 1478656.6 | JE16: 35.482348 | JF16: 635559.94 | JG16: 76.510667 | JH16: 0.60266824 | JJ16: 40847.628 | JK16: 0.60266824 | JL16: 2917509 | JM16: 50.57485 | JN16: 17.769166 | JP16: 41725467 | JQ16: 17.769166 | JR16: 1.3012436e+08 | JS16: 31.23335 | JT16: 1.8645335 | JV16: 380793.7 | JW16: 1.8645335 | JX16: 17155608 | JY16: 24.629533 | JZ16: 34.292776 | KB16: 30408918 | KC16: 34.292776 | KD16: 2184410.8 | KE16: 10.878617 | KF16: 258.47611 | KH16: 535605.2 | KI16: 258.47611 | KJ16: 635559.94 | KK16: 33.984317 | KL16: 0 | KN16: 38095005 | KO16: 0 | KP16: 57664088 | KQ16: 37.893483 | KR16: 171.06447 | KT16: 65207935 | KU16: 171.06447 | KV16: 17155608 | KW16: 99.949467 | KX16: 0 | KZ16: 3168.315 | LA16: 0 | LB16: 16594.831 | LC16: 45.543883 | LD16: 8735.1856 | LF16: 12585386 | LG16: 8735.1856 | LH16: 298361.09 | LI16: 78.15515 | LJ16: 0 | LL16: 8808.9779 | LM16: 0 | LN16: 16594.831 | LO16: 40.494333 | LP16: 16.706345 | LR16: 895732.19 | LS16: 16.706345 | LT16: 912744.71 | LU16: 52.4337 | LV16: 167.63651 | LX16: 27944.742 | LY16: 167.63651 | LZ16: 88331.721 | MA16: 71.627983 | MB16: 7.7003691 | MD16: 97071.784 | ME16: 7.7003691 | MF16: 1026473.7 | MG16: 63.039517 | MH16: 683.50134 | MJ16: 7298084.9 | MK16: 683.50134 | ML16: 926117.75 | MM16: 27.235583 | MN16: 1.3217994 | MP16: 47607.304 | MQ16: 1.3217994 | MR16: 298361.09 | MS16: 18.6442 | MT16: 338.20567 | MV16: 32753836 | MW16: 338.20567 | MX16: 5580731 | MY16: 47.13005 | MZ16: 2057.1453 | NB16: 4033522.5 | NC16: 2057.1453 | ND16: 2184410.8 | NE16: 12.964767 | NF16: 17.31573 | NH16: 658955.9 | NI16: 17.31573 | NJ16: 5580731 | NK16: 86.332967 | NL16: 0 | NN16: 1035.0246 | NO16: 0 | NP16: 16594.831 | NQ16: 21.829883 | NR16: 0.41516242 | NT16: 246283.86 | NU16: 0.41516242 | NV16: 76944.132 | NW16: 45.74905 | NX16: 7.3997509 | NZ16: 13081.246 | OA16: 7.3997509 | OB16: 8575.0919 | OC16: 41.275583 | OD16: 14.911044 | OF16: 31158.088 | OG16: 14.911044 | OH16: 8575.0919 | OI16: 41.5221 | OJ16: 0.024322301 | OL16: 1871.9991 | OM16: 0.024322301 | ON16: 53040436 | OO16: 58.321067 | OP16: 0.40469297 | OR16: 120786.18 | OS16: 0.40469297 | OT16: 16594.831 | OU16: 97.995017 | OV16: 12.520749 | OX16: 13938.665 | OY16: 12.520749 | OZ16: 16594.831 | PA16: 58.327083 | PB16: 0.070453327 | PD16: 16119.709 | PE16: 0.070453327 | PF16: 654784.76 | PG16: 71.2858 | PH16: 0 | PJ16: 29494.501 | PK16: 0 | PL16: 8575.0919 | PM16: 73.876067 | PN16: 2223.9348 | PP16: 267608.12 | PQ16: 2223.9348 | PR16: 926117.75 | PS16: 60.653967 | PT16: 25.560408 | PV16: 5163500.5 | PW16: 25.560408 | PX16: 16201991 | PY16: 66.085217 | PZ16: 3651.445 | QB16: 5.2717823e+08 | QC16: 3651.445 | QD16: 80586724 | QE16: 48.902917 | QF16: 0.2060749 | QH16: 5486.1798 | QI16: 0.2060749 | QJ16: 31110.779 | QK16: 37.890983 | QL16: 44.58688 | QN16: 2624931.6 | QO16: 44.58688 | QP16: 18754.071 | QQ16: 47.08015 | QR16: 0.012452111 | QT16: 7981.5089 | QU16: 0.012452111 | QV16: 13823.291 | QW16: 95.74235 | QX16: 0 | QZ16: 16043.607 | RA16: 0 | RB16: 16594.831
C17: CoCiNe-3-1 | D17: Sample | G17: 1 | H17: 46096.394 | I17: 18.540667 | J17: 186.63531 | L17: 2.210028e+08 | M17: 186.63531 | N17: 2807668.4 | O17: 40.400267 | P17: 19.048304 | R17: 27871.447 | S17: 19.048304 | T17: 615413.38 | U17: 34.0874 | V17: 233.26732 | X17: 87936229 | Y17: 233.26732 | Z17: 25670398 | AA17: 52.566933 | AB17: 1.0847003 | AD17: 144170.95 | AE17: 1.0847003 | AF17: 615413.38 | AG17: 39.434817 | AH17: 0.12088782 | AJ17: 3278.2911 | AK17: 0.12088782 | AL17: 16664.318 | AM17: 47.942467 | AN17: 114782.78 | AP17: 174703.06 | AQ17: 114782.78 | AR17: 18257.367 | AS17: 31.896417 | AT17: 3.7627963 | AV17: 102556.23 | AW17: 3.7627963 | AX17: 615413.38 | AY17: 35.383083 | AZ17: 3345.1686 | BB17: 187672.73 | BC17: 3345.1686 | BD17: 25670398 | BE17: 53.31905 | BF17: 207.87072 | BH17: 5594646.8 | BI17: 207.87072 | BJ17: 25670398 | BK17: 35.350167 | BL17: 0 | BN17: -111338.92 | BO17: 0 | BP17: 2018291.3 | BQ17: 78.680033 | BR17: 0 | BT17: 16874.969 | BU17: 0 | BV17: 1133902.8 | BW17: 55.76465 | BX17: 0 | BZ17: 617165.59 | CA17: 0 | CB17: 25670398 | CC17: 24.90595 | CD17: 3790.2873 | CF17: 11733367 | CG17: 3790.2873 | CH17: 55987397 | CI17: 32.40085 | CJ17: 52.627917 | CL17: 1176773.1 | CM17: 52.627917 | CN17: 51330610 | CO17: 36.4433 | CP17: 0.50203167 | CR17: 22135.841 | CS17: 0.50203167 | CT17: 16664.318 | CU17: 71.804433 | CV17: 0.68622637 | CX17: 17630.209 | CY17: 0.68622637 | CZ17: 594992.71 | DA17: 78.673917 | DB17: 0 | DD17: 24787.022 | DE17: 0 | DF17: 1133902.8 | DG17: 79.509783 | DH17: 1.248339 | DJ17: 9506.4922 | DK17: 1.248339 | DL17: 594992.71 | DM17: 88.088083 | DN17: 10.5277 | DP17: 12281.922 | DQ17: 10.5277 | DR17: 55987397 | DS17: 47.093017 | DT17: 8.0967283 | DV17: 102044.39 | DW17: 8.0967283 | DX17: 719202.29 | DY17: 100.03358 | DZ17: 0.28676006 | EB17: 1594.2111 | EC17: 0.28676006 | ED17: 4172.6571 | EE17: 62.6266 | EF17: 0 | EH17: 2213.0143 | EI17: 0 | EJ17: 55935.955 | EK17: 54.571233 | EL17: 4.1307412 | EN17: 17517.5 | EO17: 4.1307412 | EP17: 17422.223 | EQ17: 58.459183 | ER17: 12.237747 | ET17: 6075.1771 | EU17: 12.237747 | EV17: 32781153 | EW17: 61.086583 | EX17: 904.5178 | EZ17: 319294.62 | FA17: 904.5178 | FB17: 32781153 | FC17: 64.22415 | FD17: 64.312682 | FF17: 4098155.7 | FG17: 64.312682 | FH17: 55987397 | FI17: 67.302933 | FJ17: 1.4858822 | FL17: 10011.187 | FM17: 1.4858822 | FN17: 55935.955 | FO17: 16.763333 | FP17: 1.241855 | FR17: 31136.719 | FS17: 1.241855 | FT17: 4533349.9 | FU17: 50.90485 | FV17: 117.7379 | FX17: 12299721 | FY17: 117.7379 | FZ17: 100464.54 | GA17: 34.092517 | GB17: 0 | GD17: 35417847 | GE17: 0 | GF17: 615413.38 | GG17: 34.0158 | GH17: 0 | GJ17: 4935.6552 | GK17: 0 | GL17: 8649.772 | GM17: 68.106767 | GN17: 0 | GP17: 2275.5752 | GQ17: 0 | GR17: 594992.71 | GS17: 95.61885 | GV17: 183.79553 | GX17: 4172.6571 | GY17: 7.2922167 | HB17: 7994.8041 | HD17: 2807668.4 | HE17: 60.6019 | HH17: 2226.927 | HJ17: 55935.955 | HK17: 82.222517 | HL17: 167170.4 | HN17: 434459.32 | HO17: 167170.4 | HP17: 719202.29 | HQ17: 12.084483 | HR17: 1378.7399 | HT17: 131357.67 | HU17: 1378.7399 | HV17: 51330610 | HW17: 59.040417 | HX17: 3.9267191 | HZ17: 85337.994 | IA17: 3.9267191 | IB17: 32781153 | IC17: 53.303317 | ID17: 1686.2342 | IF17: 61519457 | IG17: 1686.2342 | IH17: 32781153 | II17: 14.87895 | IJ17: 19.708601 | IL17: 2022969.4 | IM17: 19.708601 | IN17: 616548.67 | IO17: 15.624317 | IP17: 24.234234 | IR17: 1907532.9 | IS17: 24.234234 | IT17: 627533.78 | IU17: 7.5005333 | IV17: 0 | IX17: 1.2914514e+08 | IY17: 0 | IZ17: 4533349.9 | JA17: 13.92025 | JB17: 42.919243 | JD17: 3097050 | JE17: 42.919243 | JF17: 1206501.4 | JG17: 76.503983 | JH17: 0.58788195 | JJ17: 20708.716 | JK17: 0.58788195 | JL17: 1508392.9 | JM17: 50.909033 | JN17: 18.21926 | JP17: 40002973 | JQ17: 18.21926 | JR17: 1.2167842e+08 | JS17: 31.742133 | JT17: 2.0206154 | JV17: 431664.97 | JW17: 2.0206154 | JX17: 17985957 | JY17: 24.909667 | JZ17: 11.918565 | KB17: 28072145 | KC17: 11.918565 | KD17: 5643278.9 | KE17: 10.698333 | KF17: 234.50289 | KH17: 957269.77 | KI17: 234.50289 | KJ17: 1206501.4 | KK17: 33.475983 | KL17: 0 | KN17: 43634451 | KO17: 0 | KP17: 51330610 | KQ17: 38.37355 | KR17: 178.64638 | KT17: 71385720 | KU17: 178.64638 | KV17: 17985957 | KW17: 99.976167 | KX17: 0 | KZ17: 930.20423 | LA17: 0 | LB17: 5072.242 | LC17: 45.596683 | LD17: 4333.3159 | LF17: 7656563.5 | LG17: 4333.3159 | LH17: 365677.29 | LI17: 78.288783 | LJ17: 0 | LL17: 6372.5824 | LM17: 0 | LN17: 5072.242 | LO17: 40.43415 | LP17: 23.451611 | LR17: 788533.85 | LS17: 23.451611 | LT17: 719202.29 | LU17: 52.5674 | LV17: 271.81519 | LX17: 22549.104 | LY17: 271.81519 | LZ17: 46712.471 | MA17: 71.648033 | MB17: 7.2911659 | MD17: 54604.095 | ME17: 7.2911659 | MF17: 597278.74 | MG17: 63.099617 | MH17: 755.54686 | MJ17: 4591055.4 | MK17: 755.54686 | ML17: 547883.06 | MM17: 27.596267 | MN17: 1.407257 | MP17: 61471.072 | MQ17: 1.407257 | MR17: 365677.29 | MS17: 18.256783 | MT17: 297.31829 | MV17: 25339493 | MW17: 297.31829 | MX17: 4533349.9 | MY17: 47.17685 | MZ17: 423.53912 | NB17: 2461627.9 | NC17: 423.53912 | ND17: 5643278.9 | NE17: 12.871067 | NF17: 114.64319 | NH17: 1337959.4 | NI17: 114.64319 | NJ17: 4533349.9 | NK17: 86.319617 | NL17: 0 | NN17: 656.71791 | NO17: 0 | NP17: 5072.242 | NQ17: 21.623433 | NR17: 0.80219544 | NT17: 427159.58 | NU17: 0.80219544 | NV17: 100464.54 | NW17: 45.976267 | NX17: 18.238104 | NZ17: 30699.093 | OA17: 18.238104 | OB17: 8649.772 | OC17: 41.24215 | OD17: 9.3897826 | OF17: 21509.476 | OG17: 9.3897826 | OH17: 8649.772 | OI17: 41.916367 | OJ17: 0.000598029 | OL17: 283.58945 | OM17: 0.000598029 | ON17: 64479832 | OO17: 58.481467 | OP17: 0.56437747 | OR17: 99973.43 | OS17: 0.56437747 | OT17: 5072.242 | OU17: 98.008367 | OV17: 0.50692524 | OX17: 2924.8636 | OY17: 0.50692524 | OZ17: 5072.242 | PA17: 58.474217 | PB17: 0.009215846 | PD17: 10365.096 | PE17: 0.009215846 | PF17: 615413.38 | PG17: 71.34595 | PH17: 683.6663 | PJ17: 66248.694 | PK17: 683.6663 | PL17: 8649.772 | PM17: 74.3166 | PN17: 1275.8928 | PP17: 94982.684 | PQ17: 1275.8928 | PR17: 547883.06 | PS17: 60.80085 | PT17: 25.778559 | PV17: 4299997.4 | PW17: 25.778559 | PX17: 13386190 | PY17: 66.0919 | PZ17: 6532.5831 | QB17: 3.977841e+08 | QC17: 6532.5831 | QD17: 55987397 | QE17: 49.057267 | QF17: 0.24409444 | QH17: 3415.0129 | QI17: 0.24409444 | QJ17: 17422.223 | QK17: 38.371883 | QL17: 52.826675 | QN17: 2753939.1 | QO17: 52.826675 | QP17: 16615.647 | QQ17: 47.093533 | QR17: 0.020458417 | QT17: 11045.187 | QU17: 0.020458417 | QV17: 16664.318 | QW17: 95.76905 | QX17: 0 | QZ17: 6396.3463 | RA17: 0 | RB17: 5072.242
C18: CoCiNe-3-2 | D18: Sample | G18: 1 | H18: 46096.47 | I18: 18.914867 | J18: 0 | L18: 2.4613496e+08 | M18: 0 | N18: 3428150.2 | O18: 40.393583 | P18: 19.295262 | R18: 21894.104 | S18: 19.295262 | T18: 479793.88 | U18: 34.107467 | V18: 236.80098 | X18: 72430530 | Y18: 236.80098 | Z18: 21091140 | AA18: 52.560233 | AB18: 1.0513091 | AD18: 109564.31 | AE18: 1.0513091 | AF18: 479793.88 | AG18: 39.4481 | AH18: 0.14216134 | AJ18: 2053.862 | AK18: 0.14216134 | AL18: 10106.504 | AM18: 47.935783 | AN18: 120125.01 | AP18: 106521.85 | AQ18: 120125.01 | AR18: 10958.223 | AS18: 31.929833 | AT18: 3.6328248 | AV18: 78715.686 | AW18: 3.6328248 | AX18: 479793.88 | AY18: 35.3764 | AZ18: 3466.1056 | BB18: 159701.7 | BC18: 3466.1056 | BD18: 21091140 | BE18: 53.298967 | BF18: 191.36295 | BH18: 4512395.4 | BI18: 191.36295 | BJ18: 21091140 | BK18: 35.44355 | BL18: 0 | BN18: 27352.007 | BO18: 0 | BP18: 1422504.5 | BQ18: 78.67335 | BR18: 0.000180352 | BT18: 17287.189 | BU18: 0.000180352 | BV18: 754921.52 | BW18: 55.771317 | BX18: 0 | BZ18: 417118.25 | CA18: 0 | CB18: 21091140 | CC18: 24.9594 | CD18: 4700.0369 | CF18: 10715502 | CG18: 4700.0369 | CH18: 41530803 | CI18: 32.440283 | CJ18: 42.968305 | CL18: 990649.59 | CM18: 42.968305 | CN18: 48970102 | CO18: 36.456683 | CP18: 0.68515206 | CR18: 17640.028 | CS18: 0.68515206 | CT18: 10106.504 | CU18: 71.791067 | CV18: 0.72095792 | CX18: 13940.624 | CY18: 0.72095792 | CZ18: 454516.92 | DA18: 78.667217 | DB18: 0 | DD18: 16234.463 | DE18: 0 | DF18: 754921.52 | DG18: 79.509783 | DH18: 1.2547996 | DJ18: 7278.5699 | DK18: 1.2547996 | DL18: 454516.92 | DM18: 88.088083 | DN18: 14.192793 | DP18: 11268.972 | DQ18: 14.192793 | DR18: 41530803 | DS18: 47.0997 | DT18: 7.4832435 | DV18: 83308.913 | DW18: 7.4832435 | DX18: 628149.51 | DY18: 100.00687 | DZ18: 1.0811539 | EB18: 871.37978 | EC18: 1.0811539 | ED18: 2263.4709 | EE18: 62.619917 | EF18: 0.05522319 | EH18: 11626.281 | EI18: 0.05522319 | EJ18: 44021.94 | EK18: 54.584583 | EL18: 4.4717432 | EN18: 9400.5071 | EO18: 4.4717432 | EP18: 8793.3317 | EQ18: 58.452483 | ER18: 11.61461 | ET18: 4197.7729 | EU18: 11.61461 | EV18: 23907451 | EW18: 61.079917 | EX18: 1141.4583 | EZ18: 292487.88 | FA18: 1141.4583 | FB18: 23907451 | FC18: 64.230817 | FD18: 59.822909 | FF18: 3014301.8 | FG18: 59.822909 | FH18: 41530803 | FI18: 67.222767 | FJ18: 1.6107372 | FL18: 8334.0286 | FM18: 1.6107372 | FN18: 44021.94 | FO18: 16.783233 | FP18: 1.1083279 | FR18: 35910.107 | FS18: 1.1083279 | FT18: 5738053.7 | FU18: 50.8848 | FV18: 163.80755 | FX18: 12262703 | FY18: 163.80755 | FZ18: 71997.055 | GA18: 34.112583 | GB18: 1.099584 | GD18: 29421968 | GE18: 1.099584 | GF18: 479793.88 | GG18: 34.0158 | GH18: 0 | GJ18: 3354.4919 | GK18: 0 | GL18: 5842.8714 | GM18: 68.093417 | GN18: 0 | GP18: 1976.7756 | GQ18: 0 | GR18: 454516.92 | GS18: 94.67095 | GV18: 872.26377 | GX18: 2263.4709 | HD18: 3428150.2 | HE18: 60.61525 | HH18: 602.65804 | HJ18: 44021.94 | HK18: 82.215833 | HL18: 173162.05 | HN18: 393044.18 | HO18: 173162.05 | HP18: 628149.51 | HQ18: 12.787233 | HR18: 1146.7067 | HT18: 118467.84 | HU18: 1146.7067 | HV18: 48970102 | HW18: 59.01355 | HX18: 4.1212597 | HZ18: 64804.705 | IA18: 4.1212597 | IB18: 23907451 | IC18: 53.296617 | ID18: 1738.653 | IF18: 45649798 | IG18: 1738.653 | IH18: 23907451 | II18: 14.985967 | IJ18: 19.854587 | IL18: 2452779.2 | IM18: 19.854587 | IN18: 743410.03 | IO18: 15.738 | IP18: 23.257502 | IR18: 2208158.7 | IS18: 23.257502 | IT18: 751152.9 | IU18: 7.4871833 | IV18: 0 | IX18: 1.8381272e+08 | IY18: 0 | IZ18: 5738053.7 | JA18: 14.033283 | JB18: 44.95455 | JD18: 3602380.6 | JE18: 44.95455 | JF18: 1368287.1 | JG18: 76.517333 | JH18: 0.61339203 | JJ18: 22944.43 | JK18: 0.61339203 | JL18: 1616029.4 | JM18: 50.888983 | JN18: 18.459188 | JP18: 39899342 | JQ18: 18.459188 | JR18: 1.1978965e+08 | JS18: 31.728767 | JT18: 1.9988704 | JV18: 371486.41 | JW18: 1.9988704 | JX18: 15642304 | JY18: 24.956433 | JZ18: 11.992184 | KB18: 27454499 | KC18: 11.992184 | KD18: 5486647.2 | KE18: 10.678317 | KF18: 289.44414 | KH18: 1240241.1 | KI18: 289.44414 | KJ18: 1368287.1 | KK18: 33.50275 | KL18: 0 | KN18: 33764856 | KO18: 0 | KP18: 48970102 | KQ18: 38.346833 | KR18: 171.6537 | KT18: 59660141 | KU18: 171.6537 | KV18: 15642304 | KW18: 100.06963 | KX18: 0 | KZ18: 501.36407 | LA18: 0 | LB18: 3255.485 | LC18: 45.596117 | LD18: 3322.6273 | LF18: 5475825.1 | LG18: 3322.6273 | LH18: 340952.21 | LI18: 78.29545 | LJ18: 0 | LL18: 3696.4304 | LM18: 0 | LN18: 3255.485 | LO18: 40.440833 | LP18: 24.271524 | LR18: 697487.25 | LS18: 24.271524 | LT18: 628149.51 | LU18: 52.554033 | LV18: 439.09457 | LX18: 17145.798 | LY18: 439.09457 | LZ18: 22865.792 | MA18: 71.634667 | MB18: 6.2015525 | MD18: 37620.565 | ME18: 6.2015525 | MF18: 453028.5 | MG18: 63.21345 | MH18: 750.89187 | MJ18: 2800386.3 | MK18: 750.89187 | ML18: 335481.51 | MM18: 27.6163 | MN18: 1.388822 | MP18: 56686.669 | MQ18: 1.388822 | MR18: 340952.21 | MS18: 18.490567 | MT18: 291.93743 | MV18: 31862196 | MW18: 291.93743 | MX18: 5738053.7 | MY18: 47.17685 | MZ18: 403.54577 | NB18: 2298602.9 | NC18: 403.54577 | ND18: 5486647.2 | NE18: 12.964767 | NF18: 111.69142 | NH18: 1662699.2 | NI18: 111.69142 | NJ18: 5738053.7 | NK18: 85.558933 | NL18: 0 | NN18: 852.251 | NO18: 0 | NP18: 3255.485 | NQ18: 21.6902 | NR18: 0.32603382 | NT18: 213023.14 | NU18: 0.32603382 | NV18: 71997.055 | NW18: 45.94285 | NX18: 22.026242 | NZ18: 24869.626 | OA18: 22.026242 | OB18: 5842.8714 | OC18: 41.235467 | OD18: 7.456358 | OF18: 12183.027 | OG18: 7.456358 | OH18: 5842.8714 | OI18: 41.909683 | OJ18: 0 | OL18: 105.61122 | OM18: 0 | ON18: 54974107 | OO18: 58.474767 | OP18: 0.64414993 | OR18: 84382.69 | OS18: 0.64414993 | OT18: 3255.485 | OU18: 98.015033 | OV18: 0.43404583 | OX18: 1872.0469 | OY18: 0.43404583 | OZ18: 3255.485 | PA18: 58.4809 | PB18: 0.055230893 | PD18: 10884.322 | PE18: 0.055230893 | PF18: 479793.88 | PG18: 71.3259 | PH18: 800.52803 | PJ18: 48850.731 | PK18: 800.52803 | PL18: 5842.8714 | PM18: 74.309917 | PN18: 1229.4799 | PP18: 56261.583 | PQ18: 1229.4799 | PR18: 335481.51 | PS18: 60.807517 | PT18: 26.062766 | PV18: 3444238.6 | PW18: 26.062766 | PX18: 10613210 | PY18: 66.07855 | PZ18: 6347.524 | QB18: 2.9356943e+08 | QC18: 6347.524 | QD18: 41530803 | QE18: 49.050583 | QF18: 0.26733829 | QH18: 1829.375 | QI18: 0.26733829 | QJ18: 8793.3317 | QK18: 38.345167 | QL18: 68.445072 | QN18: 2344226.9 | QO18: 68.445072 | QP18: 10923.448 | QQ18: 47.100217 | QR18: 0.036746489 | QT18: 8454.7067 | QU18: 0.036746489 | QV18: 10106.504 | QW18: 95.82245 | QX18: 0 | QZ18: 3997.1442 | RA18: 0 | RB18: 3255.485
C19: CoCiNe-3-3 | D19: Sample | G19: 1 | H19: 46096.546 | I19: 19.175417 | J19: 479.94274 | L19: 2.7417879e+08 | M19: 479.94274 | N19: 3193083.4 | O19: 40.41365 | P19: 19.483593 | R19: 23781.413 | S19: 19.483593 | T19: 518179.8 | U19: 34.221167 | V19: 84.24212 | X19: 76624861 | Y19: 84.24212 | Z19: 25010115 | AA19: 52.51345 | AB19: 0.94269574 | AD19: 108368.97 | AE19: 0.94269574 | AF19: 518179.8 | AG19: 39.474833 | AH19: 0.36718083 | AJ19: 3380.2417 | AK19: 0.36718083 | AL19: 12430.131 | AM19: 47.9759 | AN19: 116312.39 | AP19: 132712.4 | AQ19: 116312.39 | AR19: 13806.409 | AS19: 32.030183 | AT19: 3.9930642 | AV19: 88725.442 | AW19: 3.9930642 | AX19: 518179.8 | AY19: 35.10875 | AZ19: 2979.4933 | BB19: 163098.96 | BC19: 2979.4933 | BD19: 25010115 | BE19: 53.2588 | BF19: 200.57349 | BH19: 5406585.9 | BI19: 200.57349 | BJ19: 25010115 | BK19: 35.303367 | BL19: 0 | BN19: 74665.678 | BO19: 0 | BP19: 1669587 | BQ19: 78.659983 | BR19: 0 | BT19: 10072.209 | BU19: 0 | BV19: 915421.01 | BW19: 55.771333 | BX19: 0 | BZ19: 521475.45 | CA19: 0 | CB19: 25010115 | CC19: 24.6988 | CD19: 4400.3824 | CF19: 10900080 | CG19: 4400.3824 | CH19: 45030947 | CI19: 32.587417 | CJ19: 47.188912 | CL19: 1139019.7 | CM19: 47.188912 | CN19: 53206530 | CO19: 36.4433 | CP19: 0.50631454 | CR19: 16632.664 | CS19: 0.50631454 | CT19: 12430.131 | CU19: 71.791067 | CV19: 0.65407264 | CX19: 14504.738 | CY19: 0.65407264 | CZ19: 505958.36 | DA19: 78.65385 | DB19: 0 | DD19: 11506.667 | DE19: 0 | DF19: 915421.01 | DG19: 79.529817 | DH19: 1.2055025 | DJ19: 7961.9512 | DK19: 1.2055025 | DL19: 505958.36 | DM19: 88.088083 | DN19: 13.316866 | DP19: 11659.391 | DQ19: 13.316866 | DR19: 45030947 | DS19: 47.086333 | DT19: 7.2524405 | DV19: 106323.15 | DW19: 7.2524405 | DX19: 823302.18 | DY19: 100.02023 | DZ19: 0.2069068 | EB19: 1943.9336 | EC19: 0.2069068 | ED19: 5091.9174 | EE19: 62.546467 | EF19: 0 | EH19: 12066.343 | EI19: 0 | EJ19: 59908.111 | EK19: 54.551183 | EL19: 4.0430806 | EN19: 21859.972 | EO19: 4.0430806 | EP19: 22100.333 | EQ19: 58.412617 | ER19: 10.439723 | ET19: 4054.2395 | EU19: 10.439723 | EV19: 25787341 | EW19: 61.006483 | EX19: 817.66673 | EZ19: 227599.42 | FA19: 817.66673 | FB19: 25787341 | FC19: 64.22415 | FD19: 93.558917 | FF19: 3477421.6 | FG19: 93.558917 | FH19: 45030947 | FI19: 67.142633 | FJ19: 1.4301895 | FL19: 10445.81 | FM19: 1.4301895 | FN19: 59908.111 | FO19: 16.890183 | FP19: 1.138732 | FR19: 32763.056 | FS19: 1.138732 | FT19: 5121496.4 | FU19: 50.723967 | FV19: 150.96712 | FX19: 9835631.1 | FY19: 150.96712 | FZ19: 62657.935 | GA19: 34.2196 | GB19: 1.3054212 | GD19: 31914547 | GE19: 1.3054212 | GF19: 518179.8 | GG19: 33.761633 | GH19: 0 | GJ19: 3401.1724 | GK19: 0 | GL19: 8893.4833 | GM19: 68.1001 | GN19: 0 | GP19: 1807.8347 | GQ19: 0 | GR19: 505958.36 | GS19: 95.4186 | GV19: 31.976944 | GX19: 5091.9174 | HD19: 3193083.4 | HE19: 60.608583 | HH19: 2534.5458 | HJ19: 59908.111 | HK19: 82.235867 | HL19: 99463.149 | HN19: 296085.39 | HO19: 99463.149 | HP19: 823302.18 | HQ19: 13.2823 | HR19: 0 | HT19: 89588.586 | HU19: 0 | HV19: 53206530 | HW19: 58.966767 | HX19: 3.8056235 | HZ19: 65407.53 | IA19: 3.8056235 | IB19: 25787341 | IC19: 53.25645 | ID19: 1686.3282 | IF19: 48395885 | IG19: 1686.3282 | IH19: 25787341 | II19: 14.979283 | IJ19: 23.40833 | IL19: 1891312.6 | IM19: 23.40833 | IN19: 505229.41 | IO19: 15.7447 | IP19: 22.959926 | IR19: 1822507 | IS19: 22.959926 | IT19: 626460.05 | IU19: 7.5208 | IV19: 0 | IX19: 1.3822392e+08 | IY19: 0 | IZ19: 5121496.4 | JA19: 14.1403 | JB19: 40.180917 | JD19: 2284220.5 | JE19: 40.180917 | JF19: 921636.12 | JG19: 76.51735 | JH19: 0.57393679 | JJ19: 18493.598 | JK19: 0.57393679 | JL19: 1372682.8 | JM19: 50.72175 | JN19: 17.394146 | JP19: 31888175 | JQ19: 17.394146 | JR19: 1.0158439e+08 | JS19: 31.413767 | JT19: 1.8290699 | JV19: 357795.21 | JW19: 1.8290699 | JX19: 16422685 | JY19: 24.695833 | JZ19: 11.569756 | KB19: 27026162 | KC19: 11.569756 | KD19: 5589732.1 | KE19: 10.731717 | KF19: 163.71467 | KH19: 597075.12 | KI19: 163.71467 | KJ19: 921636.12 | KK19: 33.750183 | KL19: 0 | KN19: 45666270 | KO19: 0 | KP19: 53206530 | KQ19: 38.08665 | KR19: 152.46405 | KT19: 55653504 | KU19: 152.46405 | KV19: 16422685 | KW19: 99.976167 | KX19: 0 | KZ19: 749.12241 | LA19: 0 | LB19: 5441.6395 | LC19: 45.5664 | LD19: 3472.4927 | LF19: 6060989.5 | LG19: 3472.4927 | LH19: 361124.67 | LI19: 78.275417 | LJ19: 0 | LL19: 4578.7467 | LM19: 0 | LN19: 5441.6395 | LO19: 40.454217 | LP19: 23.14883 | LR19: 898417.6 | LS19: 23.14883 | LT19: 823302.18 | LU19: 52.513917 | LV19: 157.2396 | LX19: 19574.482 | LY19: 157.2396 | LZ19: 65300.771 | MA19: 71.64135 | MB19: 6.1548351 | MD19: 41786.185 | ME19: 6.1548351 | MF19: 505377.43 | MG19: 63.24685 | MH19: 786.20387 | MJ19: 3023086.3 | MK19: 786.20387 | ML19: 351844.8 | MM19: 27.355817 | MN19: 1.4940271 | MP19: 63836.866 | MQ19: 1.4940271 | MR19: 361124.67 | MS19: 18.370333 | MT19: 282.37997 | MV19: 28103954 | MW19: 282.37997 | MX19: 5121496.4 | MY19: 47.150117 | MZ19: 464.83631 | NB19: 2637555.8 | NC19: 464.83631 | ND19: 5589732.1 | NE19: 12.951383 | NF19: 93.546508 | NH19: 1314982.7 | NI19: 93.546508 | NJ19: 5121496.4 | NK19: 85.565617 | NL19: 0 | NN19: 596.9276 | NO19: 0 | NP19: 5441.6395 | NQ19: 21.710233 | NR19: 0.3230484 | NT19: 184882.79 | NU19: 0.3230484 | NV19: 62657.935 | NW19: 45.6087 | NX19: 9.6646249 | NZ19: 17327.778 | OA19: 9.6646249 | OB19: 8893.4833 | OC19: 41.262217 | OD19: 6.5221949 | OF19: 16818.201 | OG19: 6.5221949 | OH19: 8893.4833 | OI19: 41.736083 | OJ19: 0 | OL19: 87.409276 | OM19: 0 | ON19: 54080800 | OO19: 58.434667 | OP19: 0.49277962 | OR19: 76923.283 | OS19: 0.49277962 | OT19: 5441.6395 | OU19: 98.008367 | OV19: 0.93022115 | OX19: 3188.356 | OY19: 0.93022115 | OZ19: 5441.6395 | PA19: 58.420633 | PB19: 0.057722127 | PD19: 11919.039 | PE19: 0.057722127 | PF19: 518179.8 | PG19: 71.332583 | PH19: 0 | PJ19: 29004.134 | PK19: 0 | PL19: 8893.4833 | PM19: 74.349967 | PN19: 1501.6714 | PP19: 70682.816 | PQ19: 1501.6714 | PR19: 351844.8 | PS19: 60.74745 | PT19: 22.483887 | PV19: 3273293.3 | PW19: 22.483887 | PX19: 11566330 | PY19: 66.07855 | PZ19: 7276.9497 | QB19: 3.2649136e+08 | QC19: 7276.9497 | QD19: 45030947 | QE19: 48.98355 | QF19: 0.23716551 | QH19: 4252.7608 | QI19: 0.23716551 | QJ19: 22100.333 | QK19: 38.084417 | QL19: 53.613867 | QN19: 2225458.2 | QO19: 53.613867 | QP19: 13230.52 | QQ19: 47.093533 | QR19: 0.047605815 | QT19: 11838.52 | QU19: 0.047605815 | QV19: 12430.131 | QW19: 95.789083 | QX19: 0 | QZ19: 6725.9979 | RA19: 0 | RB19: 5441.6395
C20: CoPrime-1-1 | D20: Sample | G20: 1 | H20: 46096.885 | I20: 18.533983 | J20: 0 | L20: 1.7494037e+08 | M20: 0 | N20: 2802099.9 | O20: 40.3869 | P20: 22.476638 | R20: 21310.984 | S20: 22.476638 | T20: 425750.33 | U20: 34.067333 | V20: 305.08887 | X20: 68670341 | Y20: 305.08887 | Z20: 19075243 | AA20: 52.56025 | AB20: 1.0479138 | AD20: 96967.24 | AE20: 1.0479138 | AF20: 425750.33 | AG20: 39.428133 | AH20: 0 | AJ20: 1322.9454 | AK20: 0 | AL20: 8962.3761 | AM20: 47.90905 | AN20: 63563.156 | AP20: 61695.939 | AQ20: 63563.156 | AR20: 7604.2493 | AS20: 31.889733 | AT20: 3.6352556 | AV20: 69869.801 | AW20: 3.6352556 | AX20: 425750.33 | AY20: 35.34965 | AZ20: 3677.9198 | BB20: 153161.15 | BC20: 3677.9198 | BD20: 19075243 | BE20: 53.285567 | BF20: 223.90458 | BH20: 4231290 | BI20: 223.90458 | BJ20: 19075243 | BK20: 35.430183 | BL20: 0 | BN20: 42756.168 | BO20: 0 | BP20: 1395310.1 | BQ20: 78.666667 | BR20: 0.010301453 | BT20: 25661.905 | BU20: 0.010301453 | BV20: 680787.16 | BW20: 55.76465 | BX20: 0 | BZ20: 319614.99 | CA20: 0 | CB20: 19075243 | CC20: 24.892583 | CD20: 5164.9346 | CF20: 10373143 | CG20: 5164.9346 | CH20: 36684297 | CI20: 32.394167 | CJ20: 41.106299 | CL20: 938813.28 | CM20: 41.106299 | CN20: 47631182 | CO20: 36.429667 | CP20: 0.56489683 | CR20: 13188.312 | CS20: 0.56489683 | CT20: 8962.3761 | CU20: 71.79775 | CV20: 0.19367999 | CX20: 5336.5329 | CY20: 0.19367999 | CZ20: 358699.07 | DA20: 78.660533 | DB20: 0 | DD20: 22907.484 | DE20: 0 | DF20: 680787.16 | DG20: 79.516467 | DH20: 1.4060635 | DJ20: 6049.5639 | DK20: 1.4060635 | DL20: 358699.07 | DM20: 88.094767 | DN20: 11.250288 | DP20: 8423.2885 | DQ20: 11.250288 | DR20: 36684297 | DS20: 47.093017 | DT20: 1.163414 | DV20: 23434.405 | DW20: 1.163414 | DX20: 629314.72 | DY20: 100.06028 | DZ20: 13.980483 | EB20: 1223.5714 | EC20: 13.980483 | ED20: 2830.4599 | EE20: 62.473017 | EF20: 0 | EH20: 7934.0893 | EI20: 0 | EJ20: 43215.94 | EK20: 54.571233 | EL20: 4.1803331 | EN20: 11889.235 | EO20: 4.1803331 | EP20: 11716.819 | EQ20: 58.459183 | ER20: 14.785194 | ET20: 4509.0058 | EU20: 14.785194 | EV20: 20026893 | EW20: 61.079917 | EX20: 1214.5099 | EZ20: 260411.65 | FA20: 1214.5099 | FB20: 20026893 | FC20: 64.22415 | FD20: 32.751477 | FF20: 2525864.8 | FG20: 32.751477 | FH20: 36684297 | FI20: 67.302933 | FJ20: 2.6876447 | FL20: 12035.463 | FM20: 2.6876447 | FN20: 43215.94 | FO20: 16.783233 | FP20: 1.3363776 | FR20: 33326.487 | FS20: 1.3363776 | FT20: 4565100.7 | FU20: 50.898167 | FV20: 217.30233 | FX20: 11993371 | FY20: 217.30233 | FZ20: 53083.229 | GA20: 34.065767 | GB20: 4.5727487 | GD20: 28030427 | GE20: 4.5727487 | GF20: 425750.33 | GG20: 33.98235 | GH20: 0 | GJ20: 2498.5655 | GK20: 0 | GL20: 5579.4963 | GM20: 68.2169 | GN20: 0 | GP20: 343.98521 | GQ20: 0 | GR20: 358699.07 | GS20: 95.705633 | GV20: 91.33595 | GX20: 2830.4599 | GY20: 7.3656667 | HB20: 2293.4879 | HD20: 2802099.9 | HE20: 60.595233 | HH20: 685.09129 | HJ20: 43215.94 | HK20: 82.235867 | HL20: 90712.975 | HN20: 206440.05 | HO20: 90712.975 | HP20: 629314.72 | HQ20: 12.1513 | HR20: 1334.5143 | HT20: 120620.88 | HU20: 1334.5143 | HV20: 47631182 | HW20: 59.013567 | HX20: 5.5508826 | HZ20: 70089.918 | IA20: 5.5508826 | IB20: 20026893 | IC20: 53.283233 | ID20: 2040.1655 | IF20: 42014642 | IG20: 2040.1655 | IH20: 20026893 | II20: 14.865583 | IJ20: 19.90114 | IL20: 1908035.2 | IM20: 19.90114 | IN20: 577286.27 | IO20: 15.624317 | IP20: 25.100514 | IR20: 1906544.8 | IS20: 25.100514 | IT20: 609420.83 | IU20: 7.4883 | IV20: 0 | IX20: 1.2893333e+08 | IY20: 0 | IZ20: 4565100.7 | JA20: 13.947 | JB20: 32.279676 | JD20: 2536665.6 | JE20: 32.279676 | JF20: 1141098.6 | JG20: 76.510667 | JH20: 0.63833257 | JJ20: 24872.173 | JK20: 0.63833257 | JL20: 1696995.9 | JM20: 50.895667 | JN20: 18.018935 | JP20: 40984057 | JQ20: 18.018935 | JR20: 1.2604503e+08 | JS20: 31.681983 | JT20: 1.8930648 | JV20: 342913.09 | JW20: 1.8930648 | JX20: 15222883 | JY20: 24.8963 | JZ20: 11.7328 | KB20: 25082672 | KC20: 11.7328 | KD20: 5118745.9 | KE20: 10.731717 | KF20: 207.59234 | KH20: 842224 | KI20: 207.59234 | KJ20: 1141098.6 | KK20: 33.442517 | KL20: 0 | KN20: 30316370 | KO20: 0 | KP20: 47631182 | KQ20: 38.34015 | KR20: 183.30087 | KT20: 61989170 | KU20: 183.30087 | KV20: 15222883 | KW20: 99.98285 | KX20: 0 | KZ20: 626.22755 | LA20: 0 | LB20: 3245.425 | LC20: 45.590667 | LD20: 2431.4637 | LF20: 3816825.6 | LG20: 2431.4637 | LH20: 324571.62 | LI20: 78.288783 | LJ20: 0 | LL20: 4597.4852 | LM20: 0 | LN20: 3245.425 | LO20: 40.420783 | LP20: 10.564244 | LR20: 551662.65 | LS20: 10.564244 | LT20: 629314.72 | LU20: 52.5674 | LV20: 297.72384 | LX20: 12834.357 | LY20: 297.72384 | LZ20: 24488.651 | MA20: 71.648033 | MB20: 8.5391687 | MD20: 36025.346 | ME20: 8.5391687 | MF20: 356621.1 | MG20: 63.42055 | MH20: 495.29349 | MJ20: 1823880.4 | MK20: 495.29349 | ML20: 277359 | MM20: 27.56955 | MN20: 1.4122327 | MP20: 54722.502 | MQ20: 1.4122327 | MR20: 324571.62 | MS20: 18.377017 | MT20: 287.36883 | MV20: 25206457 | MW20: 287.36883 | MX20: 4565100.7 | MY20: 47.163483 | MZ20: 253.56589 | NB20: 1481706.6 | NC20: 253.56589 | ND20: 5118745.9 | NE20: 12.891133 | NF20: 100.6284 | NH20: 1230938.5 | NI20: 100.6284 | NJ20: 4565100.7 | NK20: 85.985983 | NL20: 0 | NN20: 447.3906 | NO20: 0 | NP20: 3245.425 | NQ20: 21.61675 | NR20: 0.94155984 | NT20: 245791.47 | NU20: 0.94155984 | NV20: 53083.229 | NW20: 45.949533 | NX20: 23.220493 | NZ20: 24992.703 | OA20: 23.220493 | OB20: 5579.4963 | OC20: 41.222083 | OD20: 6.1062743 | OF20: 10069.191 | OG20: 6.1062743 | OH20: 5579.4963 | OI20: 41.9364 | OJ20: 0 | OL20: 142.87866 | OM20: 0 | ON20: 53873927 | OO20: 58.494833 | OP20: 1.3583417 | OR20: 264565.97 | OS20: 1.3583417 | OT20: 3245.425 | OU20: 98.081767 | OV20: 1.2198893 | OX20: 1922.1573 | OY20: 1.2198893 | OZ20: 3245.425 | PA20: 58.4876 | PB20: 0.51833299 | PD20: 34694.134 | PE20: 0.51833299 | PF20: 425750.33 | PG20: 71.3259 | PH20: 2049.8852 | PJ20: 88506.795 | PK20: 2049.8852 | PL20: 5579.4963 | PM20: 74.349967 | PN20: 1528.5816 | PP20: 56629.266 | PQ20: 1528.5816 | PR20: 277359 | PS20: 60.80085 | PT20: 24.589624 | PV20: 2843231 | PW20: 24.589624 | PX20: 9248310.6 | PY20: 66.0652 | PZ20: 2363.8856 | QB20: 2.3074749e+08 | QC20: 2363.8856 | QD20: 36684297 | QE20: 49.050583 | QF20: 0.2414129 | QH20: 2280.4132 | QI20: 0.2414129 | QJ20: 11716.819 | QK20: 38.338483 | QL20: 75.533821 | QN20: 2437375.3 | QO20: 75.533821 | QP20: 10293.761 | QQ20: 47.073467 | QR20: 0 | QT20: 3413.7125 | QU20: 0 | QV20: 8962.3761 | QW20: 95.895883 | QX20: 0 | QZ20: 3588.6906 | RA20: 0 | RB20: 3245.425
C21: CoPrime-1-2 | D21: Sample | G21: 1 | H21: 46097.018 | I21: 18.828017 | J21: 0 | L21: 2.062801e+08 | M21: 0 | N21: 3437704.8 | O21: 40.41365 | P21: 20.311671 | R21: 25969.903 | S21: 20.311671 | T21: 552018.58 | U21: 34.1409 | V21: 283.43609 | X21: 80920268 | Y21: 283.43609 | Z21: 22811156 | AA21: 52.56025 | AB21: 1.0925382 | AD21: 130085.41 | AE21: 1.0925382 | AF21: 552018.58 | AG21: 39.454783 | AH21: 0.11270098 | AJ21: 2024.6647 | AK21: 0.11270098 | AL21: 10424.323 | AM21: 47.962517 | AN21: 63500.748 | AP21: 132643.12 | AQ21: 63500.748 | AR21: 16352.323 | AS21: 31.956567 | AT21: 3.004501 | AV21: 83667.566 | AW21: 3.004501 | AX21: 552018.58 | AY21: 35.29615 | AZ21: 3492.8417 | BB21: 174042.44 | BC21: 3492.8417 | BD21: 22811156 | BE21: 53.298967 | BF21: 201.49274 | BH21: 4936297.2 | BI21: 201.49274 | BJ21: 22811156 | BK21: 35.410117 | BL21: 0 | BN21: 45665.168 | BO21: 0 | BP21: 1693543.3 | BQ21: 78.666667 | BR21: 0.00632907 | BT21: 34504.484 | BU21: 0.00632907 | BV21: 1082066.4 | BW21: 55.778 | BX21: 0 | BZ21: 587200.95 | CA21: 0 | CB21: 22811156 | CC21: 24.86585 | CD21: 4136.9396 | CF21: 12140446 | CG21: 4136.9396 | CH21: 53240585 | CI21: 32.473717 | CJ21: 51.15751 | CL21: 1213019.9 | CM21: 51.15751 | CN21: 53876020 | CO21: 36.449983 | CP21: 0.5697862 | CR21: 15455.681 | CS21: 0.5697862 | CT21: 10424.323 | CU21: 71.791067 | CV21: 0.16094006 | CX21: 8949.516 | CY21: 0.16094006 | CZ21: 643998.84 | DA21: 78.65385 | DB21: 0 | DD21: 28468.241 | DE21: 0 | DF21: 1082066.4 | DG21: 79.5031 | DH21: 1.2460596 | DJ21: 10281.225 | DK21: 1.2460596 | DL21: 643998.84 | DM21: 88.088083 | DN21: 11.899191 | DP21: 12714.758 | DQ21: 11.899191 | DR21: 53240585 | DS21: 47.113083 | DT21: 1.5626965 | DV21: 31082.987 | DW21: 1.5626965 | DX21: 718440.6 | DY21: 99.9735 | DZ21: 13.605845 | EB21: 2760.5033 | EC21: 13.605845 | ED21: 6406.1727 | EE21: 62.5999 | EF21: 0.063696978 | EH21: 18607.129 | EI21: 0.063696978 | EJ21: 68856.983 | EK21: 54.591267 | EL21: 4.342163 | EN21: 8492.7243 | EO21: 4.342163 | EP21: 8127.8729 | EQ21: 58.452483 | ER21: 12.674676 | ET21: 5569.4678 | EU21: 12.674676 | EV21: 28984174 | EW21: 61.073233 | EX21: 1243.4357 | EZ21: 385708.73 | FA21: 1243.4357 | FB21: 28984174 | FC21: 64.230817 | FD21: 54.522109 | FF21: 3825355.5 | FG21: 54.522109 | FH21: 53240585 | FI21: 67.189383 | FJ21: 2.7149546 | FL21: 19332.115 | FM21: 2.7149546 | FN21: 68856.983 | FO21: 16.86345 | FP21: 1.4689082 | FR21: 43297.669 | FS21: 1.4689082 | FT21: 5476661.1 | FU21: 50.851417 | FV21: 195.57849 | FX21: 13157473 | FY21: 195.57849 | FZ21: 64703.196 | GA21: 34.139333 | GB21: 0.02142642 | GD21: 33077141 | GE21: 0.02142642 | GF21: 552018.58 | GG21: 33.92885 | GH21: 0 | GJ21: 3212.0985 | GK21: 0 | GL21: 5807.6169 | GM21: 68.146817 | GN21: 0 | GP21: 737.24601 | GQ21: 0 | GR21: 643998.84 | GS21: 95.6055 | GV21: 783.22712 | GX21: 6406.1727 | HD21: 3437704.8 | HE21: 60.621933 | HH21: 875.36762 | HJ21: 68856.983 | HK21: 82.215833 | HL21: 165142.81 | HN21: 428739.84 | HO21: 165142.81 | HP21: 718440.6 | HQ21: 12.626067 | HR21: 621.92158 | HT21: 113293.67 | HU21: 621.92158 | HV21: 53876020 | HW21: 59.01355 | HX21: 5.7799155 | HZ21: 105102.83 | IA21: 5.7799155 | IB21: 28984174 | IC21: 53.296617 | ID21: 1890.3175 | IF21: 58091308 | IG21: 1890.3175 | IH21: 28984174 | II21: 14.952533 | IJ21: 18.887958 | IL21: 2093471.9 | IM21: 18.887958 | IN21: 658622.1 | IO21: 15.71795 | IP21: 24.6553 | IR21: 2030603.4 | IS21: 24.6553 | IT21: 658676.26 | IU21: 7.5077333 | IV21: 0 | IX21: 1.5683842e+08 | IY21: 0 | IZ21: 5476661.1 | JA21: 14.019917 | JB21: 32.197657 | JD21: 2844673.4 | JE21: 32.197657 | JF21: 1281181.6 | JG21: 76.503983 | JH21: 0.62427444 | JJ21: 32859.518 | JK21: 0.62427444 | JL21: 2282209.8 | JM21: 50.8489 | JN21: 17.862415 | JP21: 43167395 | JQ21: 17.862415 | JR21: 1.3392015e+08 | JS21: 31.641883 | JT21: 1.8091958 | JV21: 376824.76 | JW21: 1.8091958 | JX21: 17480403 | JY21: 24.86285 | JZ21: 11.535124 | KB21: 29051049 | KC21: 11.535124 | KD21: 6025791 | KE21: 10.691667 | KF21: 223.11299 | KH21: 986511.87 | KI21: 223.11299 | KJ21: 1281181.6 | KK21: 33.569517 | KL21: 0 | KN21: 39469105 | KO21: 0 | KP21: 53876020 | KQ21: 38.2803 | KR21: 170.614 | KT21: 66267988 | KU21: 170.614 | KV21: 17480403 | KW21: 99.976167 | KX21: 0 | KZ21: 1786.83 | LA21: 0 | LB21: 7001.2258 | LC21: 45.590667 | LD21: 3369.5002 | LF21: 6094311.8 | LG21: 3369.5002 | LH21: 374191.76 | LI21: 78.282083 | LJ21: 0 | LL21: 8921.99 | LM21: 0 | LN21: 7001.2258 | LO21: 40.440833 | LP21: 11.611957 | LR21: 642628.67 | LS21: 11.611957 | LT21: 718440.6 | LU21: 52.54735 | LV21: 344.08315 | LX21: 14920.843 | LY21: 344.08315 | LZ21: 24946.074 | MA21: 71.627983 | MB21: 7.5588936 | MD21: 59549.53 | ME21: 7.5588936 | MF21: 637027.77 | MG21: 63.240167 | MH21: 514.10035 | MJ21: 3781521.1 | MK21: 514.10035 | ML21: 563881.96 | MM21: 27.529467 | MN21: 1.3417373 | MP21: 60452.544 | MQ21: 1.3417373 | MR21: 374191.76 | MS21: 18.483883 | MT21: 302.41313 | MV21: 30802953 | MW21: 302.41313 | MX21: 5476661.1 | MY21: 47.17685 | MZ21: 424.2772 | NB21: 2632321.2 | NC21: 424.2772 | ND21: 6025791 | NE21: 12.97145 | NF21: 67.38239 | NH21: 1145494.3 | NI21: 67.38239 | NJ21: 5476661.1 | NK21: 86.2996 | NL21: 0 | NN21: 321.96621 | NO21: 0 | NP21: 7001.2258 | NQ21: 21.67685 | NR21: 0.40951391 | NT21: 206110.41 | NU21: 0.40951391 | NV21: 64703.196 | NW21: 45.8426 | NX21: 21.962366 | NZ21: 24650.305 | OA21: 21.962366 | OB21: 5807.6169 | OC21: 41.248833 | OD21: 7.6607022 | OF21: 12356.024 | OG21: 7.6607022 | OH21: 5807.6169 | OI21: 41.822883 | OJ21: 0 | OL21: 151.8557 | OM21: 0 | ON21: 61283115 | OO21: 58.474783 | OP21: 0.58602056 | OR21: 149789.93 | OS21: 0.58602056 | OT21: 7001.2258 | OU21: 98.015033 | OV21: 6.073987 | OX21: 4891.4117 | OY21: 6.073987 | OZ21: 7001.2258 | PA21: 58.474217 | PB21: 0.13516846 | PD21: 18125.949 | PE21: 0.13516846 | PF21: 552018.58 | PG21: 71.299167 | PH21: 797.90477 | PJ21: 48464.495 | PK21: 797.90477 | PL21: 5807.6169 | PM21: 74.14305 | PN21: 1976.1768 | PP21: 145903.34 | PQ21: 1976.1768 | PR21: 563881.96 | PS21: 60.794167 | PT21: 22.852789 | PV21: 3472281.3 | PW21: 22.852789 | PX21: 12086671 | PY21: 66.0919 | PZ21: 1772.2069 | QB21: 3.2873089e+08 | QC21: 1772.2069 | QD21: 53240585 | QE21: 49.0036 | QF21: 0.2611083 | QH21: 1664.7328 | QI21: 0.2611083 | QJ21: 8127.8729 | QK21: 38.278083 | QL21: 75.259619 | QN21: 2589731.4 | QO21: 75.259619 | QP21: 10976.975 | QQ21: 47.093533 | QR21: 0 | QT21: 3903.5423 | QU21: 0 | QV21: 10424.323 | QW21: 95.7557 | QX21: 0 | QZ21: 6978.5324 | RA21: 0 | RB21: 7001.2258
C22: CoPrime-1-3 | D22: Sample | G22: 1 | H22: 46097.094 | I22: 18.487217 | J22: 0 | L22: 1.5696535e+08 | M22: 0 | N22: 2634750.7 | O22: 40.393583 | P22: 21.749171 | R22: 18920.379 | S22: 21.749171 | T22: 385785.48 | U22: 34.020517 | V22: 341.06714 | X22: 54529787 | Y22: 341.06714 | Z22: 14788431 | AA22: 52.5803 | AB22: 1.5136773 | AD22: 119666.82 | AE22: 1.5136773 | AF22: 385785.48 | AG22: 39.4415 | AH22: 0.20528805 | AJ22: 1625.6384 | AK22: 0.20528805 | AL22: 7306.2484 | AM22: 47.935783 | AN22: 67454.821 | AP22: 108148.02 | AQ22: 67454.821 | AR22: 13150.384 | AS22: 31.84295 | AT22: 3.3269966 | AV22: 60946.291 | AW22: 3.3269966 | AX22: 385785.48 | AY22: 35.4761 | AZ22: 4091.5104 | BB22: 131947.01 | BC22: 4091.5104 | BD22: 14788431 | BE22: 53.31905 | BF22: 229.89157 | BH22: 3301807.1 | BI22: 229.89157 | BJ22: 14788431 | BK22: 35.503733 | BL22: 0 | BN22: 39865.899 | BO22: 0 | BP22: 1201381.4 | BQ22: 78.659983 | BR22: 0.009587067 | BT22: 41295.329 | BU22: 0.009587067 | BV22: 1126743.4 | BW22: 55.771317 | BX22: 0 | BZ22: 447418.09 | CA22: 0 | CB22: 14788431 | CC22: 24.465183 | CD22: 0 | CF22: 13768.304 | CG22: 0 | CH22: 48155874 | CI22: 32.333967 | CJ22: 42.63079 | CL22: 766277.54 | CM22: 42.63079 | CN22: 38056062 | CO22: 36.43635 | CP22: 0.58727298 | CR22: 11123.643 | CS22: 0.58727298 | CT22: 7306.2484 | CU22: 71.791067 | CV22: 0.14118188 | CX22: 7439.1178 | CY22: 0.14118188 | CZ22: 559123.57 | DA22: 78.660533 | DB22: 0 | DD22: 33605.303 | DE22: 0 | DF22: 1126743.4 | DG22: 79.503117 | DH22: 1.1935151 | DJ22: 8760.8523 | DK22: 1.1935151 | DL22: 559123.57 | DM22: 88.094767 | DN22: 14.234116 | DP22: 13094.837 | DQ22: 14.234116 | DR22: 48155874 | DS22: 47.0997 | DT22: 1.8535633 | DV22: 24020.251 | DW22: 1.8535633 | DX22: 504047.9 | DY22: 100.00687 | DZ22: 15.246931 | EB22: 2325.906 | EC22: 15.246931 | ED22: 5323.2655 | EE22: 62.646633 | EF22: 0.041220442 | EH22: 18185.579 | EI22: 0.041220442 | EJ22: 71603.03 | EK22: 54.59795 | EL22: 4.1395944 | EN22: 8625.2071 | EO22: 4.1395944 | EP22: 8564.2349 | EQ22: 58.479233 | ER22: 14.245096 | ET22: 5398.588 | EU22: 14.245096 | EV22: 24912196 | EW22: 61.106617 | EX22: 1427.5739 | EZ22: 379805.41 | FA22: 1427.5739 | FB22: 24912196 | FC22: 64.230817 | FD22: 18.469172 | FF22: 3221072.8 | FG22: 18.469172 | FH22: 48155874 | FI22: 67.242817 | FJ22: 2.9189987 | FL22: 21312.982 | FM22: 2.9189987 | FN22: 71603.03 | FO22: 16.7299 | FP22: 1.2001405 | FR22: 29344.698 | FS22: 1.2001405 | FT22: 4394391.9 | FU22: 50.978333 | FV22: 113.14778 | FX22: 13103967 | FY22: 113.14778 | FZ22: 111374.67 | GA22: 34.01895 | GB22: 0 | GD22: 22611167 | GE22: 0 | GF22: 385785.48 | GG22: 34.089367 | GH22: 0 | GJ22: 3756.4956 | GK22: 0 | GL22: 6464.6432 | GM22: 68.236917 | GN22: 0 | GP22: 442.15895 | GQ22: 0 | GR22: 559123.57 | GS22: 95.685617 | GV22: 673.55729 | GX22: 5323.2655 | HD22: 2634750.7 | HE22: 60.608583 | HH22: 1075.6809 | HJ22: 71603.03 | HK22: 82.209167 | HL22: 189329.23 | HN22: 344813.28 | HO22: 189329.23 | HP22: 504047.9 | HQ22: 12.09785 | HR22: 2132.89 | HT22: 114687.09 | HU22: 2132.89 | HV22: 38056062 | HW22: 59.033733 | HX22: 6.7559577 | HZ22: 103758.86 | IA22: 6.7559577 | IB22: 24912196 | IC22: 53.3167 | ID22: 2028.6366 | IF22: 52084041 | IG22: 2028.6366 | IH22: 24912196 | II22: 14.82545 | IJ22: 19.273392 | IL22: 2044864.3 | IM22: 19.273392 | IN22: 633726.35 | IO22: 15.60425 | IP22: 25.499853 | IR22: 1936684.5 | IS22: 25.499853 | IT22: 611066.07 | IU22: 7.50745 | IV22: 0 | IX22: 141274961 | IY22: 0 | IZ22: 4394391.9 | JA22: 13.906867 | JB22: 31.875624 | JD22: 3033461.6 | JE22: 31.875624 | JF22: 1372644.1 | JG22: 76.503983 | JH22: 0.64773022 | JJ22: 34411.085 | JK22: 0.64773022 | JL22: 2320467.2 | JM22: 50.975833 | JN22: 18.674851 | JP22: 42860097 | JQ22: 18.674851 | JR22: 1.2719632e+08 | JS22: 31.81565 | JT22: 1.9280019 | JV22: 286305.48 | JW22: 1.9280019 | JX22: 12486127 | JY22: 25.023267 | JZ22: 11.136294 | KB22: 19624228 | KC22: 11.136294 | KD22: 4209722.9 | KE22: 10.691667 | KF22: 224.31219 | KH22: 1060323.4 | KI22: 224.31219 | KJ22: 1372644.1 | KK22: 33.342483 | KL22: 0 | KN22: 25362549 | KO22: 0 | KP22: 38056062 | KQ22: 38.4604 | KR22: 197.9645 | KT22: 54901786 | KU22: 197.9645 | KV22: 12486127 | KW22: 100.00955 | KX22: 0 | KZ22: 1048.661 | LA22: 0 | LB22: 5833.8331 | LC22: 45.59735 | LD22: 3363.805 | LF22: 4408323.4 | LG22: 3363.805 | LH22: 271129.35 | LI22: 78.26205 | LJ22: 0 | LL22: 9434.173 | LM22: 0 | LN22: 5833.8331 | LO22: 40.420783 | LP22: 19.080073 | LR22: 515058.68 | LS22: 19.080073 | LT22: 504047.9 | LU22: 52.574083 | LV22: 678.67162 | LX22: 16223.305 | LY22: 678.67162 | LZ22: 14326.243 | MA22: 71.64135 | MB22: 9.6145721 | MD22: 60465.467 | ME22: 9.6145721 | MF22: 553265.43 | MG22: 63.28025 | MH22: 475.29968 | MJ22: 2802671.8 | MK22: 475.29968 | ML22: 435379.24 | MM22: 27.689767 | MN22: 1.3546231 | MP22: 44151.404 | MQ22: 1.3546231 | MR22: 271129.35 | MS22: 18.356967 | MT22: 270.93724 | MV22: 23770246 | MW22: 270.93724 | MX22: 4394391.9 | MY22: 47.17685 | MZ22: 421.80331 | NB22: 1829994.8 | NC22: 421.80331 | ND22: 4209722.9 | NE22: 12.844333 | NF22: 123.3158 | NH22: 1366279.7 | NI22: 123.3158 | NJ22: 4394391.9 | NK22: 86.332967 | NL22: 0 | NN22: 411.69085 | NO22: 0 | NP22: 5833.8331 | NQ22: 21.73695 | NR22: 0.42201889 | NT22: 358563.36 | NU22: 0.42201889 | NV22: 111374.67 | NW22: 46.1227 | NX22: 15.495225 | NZ22: 19633.115 | OA22: 15.495225 | OB22: 6464.6432 | OC22: 41.235467 | OD22: 6.0087304 | OF22: 11535.613 | OG22: 6.0087304 | OH22: 6464.6432 | OI22: 42.0638 | OJ22: 0 | OL22: 79.232082 | OM22: 0 | ON22: 44594601 | OO22: 58.5149 | OP22: 0.53657955 | OR22: 102359.58 | OS22: 0.53657955 | OT22: 5833.8331 | OU22: 98.0484 | OV22: 3.966898 | OX22: 3806.4074 | OY22: 3.966898 | OZ22: 5833.8331 | PA22: 58.521017 | PB22: 0.14906818 | PD22: 13348.456 | PE22: 0.14906818 | PF22: 385785.48 | PG22: 71.30585 | PH22: 1357.2518 | PJ22: 75660.556 | PK22: 1357.2518 | PL22: 6464.6432 | PM22: 74.16975 | PN22: 1886.3526 | PP22: 107885.16 | PQ22: 1886.3526 | PR22: 435379.24 | PS22: 60.82755 | PT22: 28.817655 | PV22: 3417059.7 | PW22: 28.817655 | PX22: 9585403.5 | PY22: 66.0919 | PZ22: 2116.8838 | QB22: 3.0057986e+08 | QC22: 2116.8838 | QD22: 48155874 | QE22: 49.077317 | QF22: 0.23636784 | QH22: 1644.4787 | QI22: 0.23636784 | QJ22: 8564.2349 | QK22: 38.458733 | QL22: 84.452096 | QN22: 2124910.9 | QO22: 84.452096 | QP22: 8028.1613 | QQ22: 47.100217 | QR22: 0.007745904 | QT22: 3851.7906 | QU22: 0.007745904 | QV22: 7306.2484 | QW22: 95.8091 | QX22: 0 | QZ22: 5168.4369 | RA22: 0 | RB22: 5833.8331
C23: CoPrime-2-1 | D23: Sample | G23: 1 | H23: 46097.17 | I23: 18.1332 | J23: 0 | L23: 1.2292446e+08 | M23: 0 | N23: 1689665.1 | O23: 40.3869 | P23: 18.97949 | R23: 21135.783 | S23: 18.97949 | T23: 467674.95 | U23: 34.05395 | V23: 313.21517 | X23: 66482503 | Y23: 313.21517 | Z23: 18366841 | AA23: 52.566933 | AB23: 1.2555136 | AD23: 123699.33 | AE23: 1.2555136 | AF23: 467674.95 | AG23: 39.428133 | AH23: 0.2223996 | AJ23: 2674.9004 | AK23: 0.2223996 | AL23: 11746.169 | AM23: 47.935783 | AN23: 15544.419 | AP23: 115797.66 | AQ23: 15544.419 | AR23: 17158.372 | AS23: 31.863 | AT23: 1.9166805 | AV23: 60766.93 | AW23: 1.9166805 | AX23: 467674.95 | AY23: 35.309533 | AZ23: 2758.7584 | BB23: 111022.48 | BC23: 2758.7584 | BD23: 18366841 | BE23: 53.298967 | BF23: 212.18851 | BH23: 4022086.1 | BI23: 212.18851 | BJ23: 18366841 | BK23: 35.3836 | BL23: 0 | BN23: 34810.357 | BO23: 0 | BP23: 1221172.3 | BQ23: 78.680033 | BR23: 0 | BT23: 25561.469 | BU23: 0 | BV23: 1158503.7 | BW23: 55.76465 | BX23: 101.90784 | BZ23: 653981 | CA23: 101.90784 | CB23: 18366841 | CC23: 24.805717 | CD23: 2230.8506 | CF23: 6652728.6 | CG23: 2230.8506 | CH23: 52575917 | CI23: 32.367417 | CJ23: 51.191007 | CL23: 812110.35 | CM23: 51.191007 | CN23: 36054738 | CO23: 36.409617 | CP23: 0.34329845 | CR23: 11356.269 | CS23: 0.34329845 | CT23: 11746.169 | CU23: 71.791067 | CV23: 0.10067204 | CX23: 7443.7782 | CY23: 0.10067204 | CZ23: 615618.23 | DA23: 78.673917 | DB23: 0 | DD23: 19739.486 | DE23: 0 | DF23: 1158503.7 | DG23: 79.509783 | DH23: 1.1845448 | DJ23: 9614.9781 | DK23: 1.1845448 | DL23: 615618.23 | DM23: 88.088083 | DN23: 10.787972 | DP23: 11727.587 | DQ23: 10.787972 | DR23: 52575917 | DS23: 47.0997 | DT23: 5.7167661 | DV23: 65991.416 | DW23: 5.7167661 | DX23: 622773.72 | DY23: 99.953467 | DZ23: 13.422433 | EB23: 3492.3411 | EC23: 13.422433 | ED23: 8117.1873 | EE23: 62.633283 | EF23: 0 | EH23: 8749.5785 | EI23: 0 | EJ23: 96298.067 | EK23: 54.591283 | EL23: 4.2203044 | EN23: 24655.654 | EO23: 4.2203044 | EP23: 24120.94 | EQ23: 58.465867 | ER23: 11.79291 | ET23: 5259.6313 | EU23: 11.79291 | EV23: 29486946 | EW23: 61.079917 | EX23: 1001.5075 | EZ23: 317311.4 | FA23: 1001.5075 | FB23: 29486946 | FC23: 64.22415 | FD23: 140.7624 | FF23: 4401627 | FG23: 140.7624 | FH23: 52575917 | FI23: 67.316283 | FJ23: 1.297185 | FL23: 15730.245 | FM23: 1.297185 | FN23: 96298.067 | FO23: 16.5962 | FP23: 0.99393923 | FR23: 15533.745 | FS23: 0.99393923 | FT23: 2708323.3 | FU23: 50.878133 | FV23: 151.11387 | FX23: 8171825.1 | FY23: 151.11387 | FZ23: 52008.105 | GA23: 34.052383 | GB23: 0 | GD23: 27149434 | GE23: 0 | GF23: 467674.95 | GG23: 33.9021 | GH23: 0 | GJ23: 2762.5437 | GK23: 0 | GL23: 8667.6472 | GM23: 68.256933 | GN23: 0 | GP23: 599.50212 | GQ23: 0 | GR23: 615618.23 | GS23: 95.612183 | GV23: 563.92473 | GX23: 8117.1873 | GY23: 7.2655167 | HB23: 4049.1313 | HD23: 1689665.1 | HE23: 60.595233 | HH23: 2869.7454 | HJ23: 96298.067 | HK23: 82.229183 | HL23: 127420.38 | HN23: 286830.67 | HO23: 127420.38 | HP23: 622773.72 | HQ23: 11.516133 | HR23: 8307.6428 | HT23: 242851.41 | HU23: 8307.6428 | HV23: 36054738 | HW23: 59.013567 | HX23: 4.4078326 | HZ23: 84593.181 | IA23: 4.4078326 | IB23: 29486946 | IC23: 53.296617 | ID23: 1692.8247 | IF23: 55458789 | IG23: 1692.8247 | IH23: 29486946 | II23: 14.644867 | IJ23: 16.479755 | IL23: 1085701.8 | IM23: 16.479755 | IN23: 377292.79 | IO23: 15.437067 | IP23: 22.580013 | IR23: 1019917.2 | IS23: 22.580013 | IT23: 355334.15 | IU23: 7.5208 | IV23: 0 | IX23: 67321976 | IY23: 0 | IZ23: 2708323.3 | JA23: 13.76645 | JB23: 46.860893 | JD23: 2013444.8 | JE23: 46.860893 | JF23: 747271.18 | JG23: 76.510667 | JH23: 0.54638264 | JJ23: 26381.769 | JK23: 0.54638264 | JL23: 2034691.9 | JM23: 50.882317 | JN23: 17.749627 | JP23: 28058862 | JQ23: 17.749627 | JR23: 87599988 | JS23: 31.5951 | JT23: 1.7644092 | JV23: 218884.58 | JW23: 1.7644092 | JX23: 10403538 | JY23: 24.80275 | JZ23: 11.670501 | KB23: 16019220 | KC23: 11.670501 | KD23: 3285825.8 | KE23: 10.72505 | KF23: 105.26999 | KH23: 394293.78 | KI23: 105.26999 | KJ23: 747271.18 | KK23: 33.4559 | KL23: 47004.028 | KN23: 40999191 | KO23: 47004.028 | KP23: 36054738 | KQ23: 38.293667 | KR23: 190.64074 | KT23: 44056299 | KU23: 190.64074 | KV23: 10403538 | KW23: 99.969483 | KX23: 0 | KZ23: 1443.1418 | LA23: 0 | LB23: 8129.8638 | LC23: 45.588467 | LD23: 5704.0273 | LF23: 6006558.7 | LG23: 5704.0273 | LH23: 217998.81 | LI23: 78.2821 | LJ23: 0 | LL23: 9178.5507 | LM23: 0 | LN23: 8129.8638 | LO23: 40.414083 | LP23: 30.984572 | LR23: 762819.43 | LS23: 30.984572 | LT23: 622773.72 | LU23: 52.5674 | LV23: 119.78982 | LX23: 16620.939 | LY23: 119.78982 | LZ23: 69266.511 | MA23: 71.627983 | MB23: 7.2049601 | MD23: 57404.796 | ME23: 7.2049601 | MF23: 632500.21 | MG23: 63.240167 | MH23: 454.64357 | MJ23: 3229802.7 | MK23: 454.64357 | ML23: 513143.6 | MM23: 27.496083 | MN23: 1.2179166 | MP23: 32521.571 | MQ23: 1.2179166 | MR23: 217998.81 | MS23: 18.2835 | MT23: 319.6744 | MV23: 15552297 | MW23: 319.6744 | MX23: 2708323.3 | MY23: 47.170167 | MZ23: 911.50297 | NB23: 2817484.9 | NC23: 911.50297 | ND23: 3285825.8 | NE23: 12.683783 | NF23: 121.99737 | NH23: 835560.76 | NI23: 121.99737 | NJ23: 2708323.3 | NK23: 86.306283 | NL23: 0 | NN23: 301.82703 | NO23: 0 | NP23: 8129.8638 | NQ23: 21.543317 | NR23: 0.40794631 | NT23: 165449.12 | NU23: 0.40794631 | NV23: 52008.105 | NW23: 45.94285 | NX23: 7.8794522 | NZ23: 13998.757 | OA23: 7.8794522 | OB23: 8667.6472 | OC23: 41.208717 | OD23: 7.9781411 | OF23: 19012.411 | OG23: 7.9781411 | OH23: 8667.6472 | OI23: 41.869633 | OJ23: 0 | OL23: 15.627249 | OM23: 0 | ON23: 38712395 | OO23: 58.48815 | OP23: 0.5106956 | OR23: 126263.29 | OS23: 0.5106956 | OT23: 8129.8638 | OU23: 98.00835 | OV23: 3.0801804 | OX23: 5146.5086 | OY23: 3.0801804 | OZ23: 8129.8638 | PA23: 58.4809 | PB23: 0.14904814 | PD23: 16180.701 | PE23: 0.14904814 | PF23: 467674.95 | PG23: 71.34595 | PH23: 639.70907 | PJ23: 64097.743 | PK23: 639.70907 | PL23: 8667.6472 | PM23: 74.32995 | PN23: 1872.0434 | PP23: 126259.56 | PQ23: 1872.0434 | PR23: 513143.6 | PS23: 60.80085 | PT23: 23.051825 | PV23: 3411442.3 | PW23: 23.051825 | PX23: 11780206 | PY23: 66.085217 | PZ23: 2138.1896 | QB23: 3.2838788e+08 | QC23: 2138.1896 | QD23: 52575917 | QE23: 49.057267 | QF23: 0.20095146 | QH23: 4189.6264 | QI23: 0.20095146 | QJ23: 24120.94 | QK23: 38.298117 | QL23: 46.214713 | QN23: 1774636.2 | QO23: 46.214713 | QP23: 12233.93 | QQ23: 47.093533 | QR23: 0.008285371 | QT23: 6260.0758 | QU23: 0.008285371 | QV23: 11746.169 | QW23: 95.7824 | QX23: 0 | QZ23: 5553.5593 | RA23: 0 | RB23: 8129.8638
C24: CoPrime-2-2 | D24: Sample | G24: 1 | H24: 46097.247 | I24: 18.28015 | J24: 0 | L24: 1.4543165e+08 | M24: 0 | N24: 2669738 | O24: 40.3869 | P24: 21.262908 | R24: 28254.791 | S24: 21.262908 | T24: 584165.67 | U24: 34.020517 | V24: 307.87251 | X24: 72451351 | Y24: 307.87251 | Z24: 20087819 | AA24: 52.5803 | AB24: 1.5489608 | AD24: 184850.33 | AE24: 1.5489608 | AF24: 584165.67 | AG24: 39.434817 | AH24: 0.23316963 | AJ24: 3464.2644 | AK24: 0.23316963 | AL24: 14995.884 | AM24: 47.94915 | AN24: 16310.712 | AP24: 158978.08 | AQ24: 16310.712 | AR24: 23480.885 | AS24: 31.809533 | AT24: 2.7183485 | AV24: 85215.827 | AW24: 2.7183485 | AX24: 584165.67 | AY24: 35.482783 | AZ24: 4344.2964 | BB24: 190193.71 | BC24: 4344.2964 | BD24: 20087819 | BE24: 53.332433 | BF24: 243.78353 | BH24: 4552518.8 | BI24: 243.78353 | BJ24: 20087819 | BK24: 35.536917 | BL24: 0 | BN24: 104584.56 | BO24: 0 | BP24: 2034128.9 | BQ24: 78.6533 | BR24: 0.007021837 | BT24: 55891.798 | BU24: 0.007021837 | BV24: 1698824.4 | BW24: 55.771317 | BX24: 277.26528 | BZ24: 838594.29 | CA24: 277.26528 | CB24: 20087819 | CC24: 24.391683 | CD24: 0 | CF24: 8789.6958 | CG24: 0 | CH24: 68790673 | CI24: 32.307217 | CJ24: 51.400794 | CL24: 933614.07 | CM24: 51.400794 | CN24: 41341606 | CO24: 36.4433 | CP24: 0.38762376 | CR24: 16012.031 | CS24: 0.38762376 | CT24: 14995.884 | CU24: 71.791067 | CV24: 0.11435651 | CX24: 11728.05 | CY24: 0.11435651 | CZ24: 938135.34 | DA24: 78.673917 | DB24: 0 | DD24: 42952.765 | DE24: 0 | DF24: 1698824.4 | DG24: 79.516467 | DH24: 0.75471999 | DJ24: 12382.468 | DK24: 0.75471999 | DL24: 938135.34 | DM24: 88.088083 | DN24: 13.00693 | DP24: 17508.923 | DQ24: 13.00693 | DR24: 68790673 | DS24: 47.093017 | DT24: 2.8313537 | DV24: 34680.548 | DW24: 2.8313537 | DX24: 555662.98 | DY24: 99.98685 | DZ24: 11.95288 | EB24: 2937.7848 | EC24: 11.95288 | ED24: 6914.8706 | EE24: 62.666667 | EF24: 0 | EH24: 22681.771 | EI24: 0 | EJ24: 140495.25 | EK24: 54.611317 | EL24: 3.6864203 | EN24: 20616.98 | EO24: 3.6864203 | EP24: 22346.033 | EQ24: 58.485917 | ER24: 17.020699 | ET24: 9510.3064 | EU24: 17.020699 | EV24: 36564961 | EW24: 61.1133 | EX24: 1594.3636 | EZ24: 621653.81 | FA24: 1594.3636 | FB24: 36564961 | FC24: 64.230833 | FD24: 119.27241 | FF24: 5555660.5 | FG24: 119.27241 | FH24: 68790673 | FI24: 67.322967 | FJ24: 2.2077872 | FL24: 33544.378 | FM24: 2.2077872 | FN24: 140495.25 | FO24: 16.629617 | FP24: 1.3498865 | FR24: 31671.966 | FS24: 1.3498865 | FT24: 4302086.5 | FU24: 51.012083 | FV24: 96.839286 | FX24: 16019332 | FY24: 96.839286 | FZ24: 159076.01 | GA24: 34.018933 | GB24: 0 | GD24: 30340646 | GE24: 0 | GF24: 584165.67 | GG24: 34.075983 | GH24: 0 | GJ24: 5373.709 | GK24: 0 | GL24: 11634.763 | GM24: 68.243583 | GN24: 0 | GP24: 725.78274 | GQ24: 0 | GR24: 938135.34 | GS24: 95.632217 | GV24: 815.26001 | GX24: 6914.8706 | HD24: 2669738 | HE24: 60.6019 | HH24: 2519.8469 | HJ24: 140495.25 | HK24: 82.209167 | HL24: 258074.25 | HN24: 518038.3 | HO24: 258074.25 | HP24: 555662.98 | HQ24: 11.709817 | HR24: 6623.6 | HT24: 236495.88 | HU24: 6623.6 | HV24: 41341606 | HW24: 59.053783 | HX24: 5.370414 | HZ24: 124327.18 | IA24: 5.370414 | IB24: 36564961 | IC24: 53.3301 | ID24: 1646.6921 | IF24: 67716631 | IG24: 1646.6921 | IH24: 36564961 | II24: 14.71175 | IJ24: 16.437987 | IL24: 1822348.9 | IM24: 16.437987 | IN24: 634436.24 | IO24: 15.483883 | IP24: 21.612648 | IR24: 1684417.8 | IS24: 21.612648 | IT24: 607823.79 | IU24: 7.4805 | IV24: 0 | IX24: 1.1248229e+08 | IY24: 0 | IZ24: 4302086.5 | JA24: 13.806567 | JB24: 53.03648 | JD24: 3407266.1 | JE24: 53.03648 | JF24: 1177336.6 | JG24: 76.503983 | JH24: 0.55081564 | JJ24: 36710.927 | JK24: 0.55081564 | JL24: 2813640.4 | JM24: 51.015433 | JN24: 18.420812 | JP24: 52925408 | JQ24: 18.420812 | JR24: 1.5922797e+08 | JS24: 31.849067 | JT24: 1.8732674 | JV24: 395414.76 | JW24: 1.8732674 | JX24: 17733685 | JY24: 25.003217 | JZ24: 9.702922 | KB24: 21845221 | KC24: 9.702922 | KD24: 5343085.8 | KE24: 10.705017 | KF24: 177.28751 | KH24: 795592.98 | KI24: 177.28751 | KJ24: 1177336.6 | KK24: 33.355867 | KL24: 11120.577 | KN24: 38782675 | KO24: 11120.577 | KP24: 41341606 | KQ24: 38.4938 | KR24: 192.13475 | KT24: 75684644 | KU24: 192.13475 | KV24: 17733685 | KW24: 99.956133 | KX24: 0 | KZ24: 1592.3153 | LA24: 0 | LB24: 10607.316 | LC24: 45.59735 | LD24: 4329.0158 | LF24: 7457541.7 | LG24: 4329.0158 | LH24: 356525.38 | LI24: 78.268733 | LJ24: 0 | LL24: 7965.0757 | LM24: 0 | LN24: 10607.316 | LO24: 40.420783 | LP24: 12.095062 | LR24: 501606.08 | LS24: 12.095062 | LT24: 555662.98 | LU24: 52.580783 | LV24: 386.10508 | LX24: 26125.082 | LY24: 386.10508 | LZ24: 39272.4 | MA24: 71.627983 | MB24: 8.0965258 | MD24: 91016.234 | ME24: 8.0965258 | MF24: 932403.5 | MG24: 63.139683 | MH24: 557.75874 | MJ24: 5542476.7 | MK24: 557.75874 | ML24: 790786.88 | MM24: 27.689767 | MN24: 1.1764106 | MP24: 51708.62 | MQ24: 1.1764106 | MR24: 356525.38 | MS24: 18.156583 | MT24: 303.4493 | MV24: 24227146 | MW24: 303.4493 | MX24: 4302086.5 | MY24: 47.18355 | MZ24: 697.16535 | NB24: 3592839.5 | NC24: 697.16535 | ND24: 5343085.8 | NE24: 12.723883 | NF24: 122.45824 | NH24: 1330869 | NI24: 122.45824 | NJ24: 4302086.5 | NK24: 86.31295 | NL24: 0 | NN24: 306.73363 | NO24: 0 | NP24: 10607.316 | NQ24: 21.723583 | NR24: 0.39959792 | NT24: 502449.04 | NU24: 0.39959792 | NV24: 159076.01 | NW24: 46.162817 | NX24: 9.0548029 | NZ24: 21344.067 | OA24: 9.0548029 | OB24: 11634.763 | OC24: 41.228783 | OD24: 6.2169648 | OF24: 21264.5 | OG24: 6.2169648 | OH24: 11634.763 | OI24: 42.05045 | OJ24: 0 | OL24: 216.06971 | OM24: 0 | ON24: 63415710 | OO24: 58.521583 | OP24: 0.4994593 | OR24: 155461.45 | OS24: 0.4994593 | OT24: 10607.316 | OU24: 98.028383 | OV24: 1.615918 | OX24: 6374.4264 | OY24: 1.615918 | OZ24: 10607.316 | PA24: 58.50765 | PB24: 0.11124556 | PD24: 17407.007 | PE24: 0.11124556 | PF24: 584165.67 | PG24: 71.339267 | PH24: 925.21954 | PJ24: 105986.71 | PK24: 925.21954 | PL24: 11634.763 | PM24: 74.002883 | PN24: 2010.8072 | PP24: 207953.59 | PQ24: 2010.8072 | PR24: 790786.88 | PS24: 60.8409 | PT24: 25.741032 | PV24: 4367426.5 | PW24: 25.741032 | PX24: 13614554 | PY24: 66.111933 | PZ24: 70.137126 | QB24: 4.0185873e+08 | QC24: 70.137126 | QD24: 68790673 | QE24: 49.070633 | QF24: 0.23520717 | QH24: 4277.3987 | QI24: 0.23520717 | QJ24: 22346.033 | QK24: 38.492133 | QL24: 65.758567 | QN24: 2902885.6 | QO24: 65.758567 | QP24: 14077.979 | QQ24: 47.093533 | QR24: 0.000295441 | QT24: 6713.8368 | QU24: 0.000295441 | QV24: 14995.884 | QW24: 95.789083 | QX24: 0 | QZ24: 5479.9099 | RA24: 0 | RB24: 10607.316
C25: CoPrime-2-3 | D25: Sample | G25: 1 | H25: 46097.322 | I25: 18.353633 | J25: 0 | L25: 1.5232173e+08 | M25: 0 | N25: 2570207 | O25: 40.3869 | P25: 21.135706 | R25: 22450.539 | S25: 21.135706 | T25: 465866.46 | U25: 34.05395 | V25: 322.07341 | X25: 67903418 | Y25: 322.07341 | Z25: 18648583 | AA25: 52.566933 | AB25: 1.3790406 | AD25: 133406.06 | AE25: 1.3790406 | AF25: 465866.46 | AG25: 39.434817 | AH25: 0.19344309 | AJ25: 2803.9847 | AK25: 0.19344309 | AL25: 12810.458 | AM25: 47.942467 | AN25: 16170.716 | AP25: 96126.873 | AQ25: 16170.716 | AR25: 14206.179 | AS25: 31.863 | AT25: 3.0076999 | AV25: 70639.419 | AW25: 3.0076999 | AX25: 465866.46 | AY25: 35.363033 | AZ25: 4051.2589 | BB25: 164767.78 | BC25: 4051.2589 | BD25: 18648583 | BE25: 53.30565 | BF25: 259.73246 | BH25: 4298306.9 | BI25: 259.73246 | BJ25: 18648583 | BK25: 35.370233 | BL25: 0 | BN25: 114899.47 | BO25: 0 | BP25: 1676548.5 | BQ25: 78.666667 | BR25: 0.007157023 | BT25: 33367.659 | BU25: 0.007157023 | BV25: 1008150.4 | BW25: 55.778 | BX25: 0 | BZ25: 569291.28 | CA25: 0 | CB25: 18648583 | CC25: 24.892583 | CD25: 2840.2316 | CF25: 7708133.4 | CG25: 2840.2316 | CH25: 48483827 | CI25: 32.360717 | CJ25: 49.941276 | CL25: 900776.26 | CM25: 49.941276 | CN25: 40620129 | CO25: 36.43635 | CP25: 0.40564562 | CR25: 14204.343 | CS25: 0.40564562 | CT25: 12810.458 | CU25: 71.791067 | CV25: 0.10822303 | CX25: 6607.4843 | CY25: 0.10822303 | CZ25: 536420.71 | DA25: 78.667217 | DB25: 0 | DD25: 25876.99 | DE25: 0 | DF25: 1008150.4 | DG25: 79.503117 | DH25: 1.0553726 | DJ25: 7988.017 | DK25: 1.0553726 | DL25: 536420.71 | DM25: 88.088083 | DN25: 10.758268 | DP25: 10794.383 | DQ25: 10.758268 | DR25: 48483827 | DS25: 47.093017 | DT25: 1.7328346 | DV25: 25237.924 | DW25: 1.7328346 | DX25: 550655.76 | DY25: 99.9735 | DZ25: 15.297134 | EB25: 2464.5881 | EC25: 15.297134 | ED25: 5638.2888 | EE25: 62.633283 | EF25: 0 | EH25: 10562.4 | EI25: 0 | EJ25: 83285.956 | EK25: 54.5846 | EL25: 3.7987707 | EN25: 20083.436 | EO25: 3.7987707 | EP25: 21284.482 | EQ25: 58.47255 | ER25: 13.154258 | ET25: 5228.3595 | EU25: 13.154258 | EV25: 26187310 | EW25: 61.086583 | EX25: 1271.4383 | EZ25: 356207.99 | FA25: 1271.4383 | FB25: 26187310 | FC25: 64.230833 | FD25: 105.23838 | FF25: 3821997.1 | FG25: 105.23838 | FH25: 48483827 | FI25: 67.236133 | FJ25: 1.5637041 | FL25: 15442.919 | FM25: 1.5637041 | FN25: 83285.956 | FO25: 16.696467 | FP25: 1.5322388 | FR25: 32959.665 | FS25: 1.5322388 | FT25: 4021810.7 | FU25: 50.9249 | FV25: 98.116755 | FX25: 13266911 | FY25: 98.116755 | FZ25: 130028.96 | GA25: 34.052383 | GB25: 0 | GD25: 27768477 | GE25: 0 | GF25: 465866.46 | GG25: 33.98235 | GH25: 0 | GJ25: 3253.9118 | GK25: 0 | GL25: 8836.8578 | GM25: 68.256933 | GN25: 0 | GP25: 408.18309 | GQ25: 0 | GR25: 536420.71 | GS25: 95.572133 | GV25: 44.386725 | GX25: 5638.2888 | HD25: 2570207 | HE25: 60.635283 | HH25: 1635.2236 | HJ25: 83285.956 | HK25: 82.21585 | HL25: 261798.34 | HN25: 520774.05 | HO25: 261798.34 | HP25: 550655.76 | HQ25: 11.8306 | HR25: 7521.358 | HT25: 254350.13 | HU25: 7521.358 | HV25: 40620129 | HW25: 59.026933 | HX25: 4.6091156 | HZ25: 78036.656 | IA25: 4.6091156 | IB25: 26187310 | IC25: 53.303317 | ID25: 1725.6927 | IF25: 49790896 | IG25: 1725.6927 | IH25: 26187310 | II25: 14.76525 | IJ25: 16.545684 | IL25: 1731520.2 | IM25: 16.545684 | IN25: 600003.58 | IO25: 15.537383 | IP25: 21.552294 | IR25: 1604320.6 | IS25: 21.552294 | IT25: 580214.84 | IU25: 7.50745 | IV25: 0 | IX25: 1.0454104e+08 | IY25: 0 | IZ25: 4021810.7 | JA25: 13.926933 | JB25: 41.489088 | JD25: 2922715.2 | JE25: 41.489088 | JF25: 1159470.7 | JG25: 76.510667 | JH25: 0.55313699 | JJ25: 25443.513 | JK25: 0.55313699 | JL25: 1943712.3 | JM25: 50.922383 | JN25: 18.277312 | JP25: 43520471 | JQ25: 18.277312 | JR25: 1.319583e+08 | JS25: 31.69535 | JT25: 1.8049057 | JV25: 344313.61 | JW25: 1.8049057 | JX25: 16009071 | JY25: 24.8963 | JZ25: 11.159307 | KB25: 24106458 | KC25: 11.159307 | KD25: 5161048.1 | KE25: 10.75175 | KF25: 195.404 | KH25: 826720.09 | KI25: 195.404 | KJ25: 1159470.7 | KK25: 33.429133 | KL25: 639.14782 | KN25: 35744311 | KO25: 639.14782 | KP25: 40620129 | KQ25: 38.366867 | KR25: 184.72839 | KT25: 65696992 | KU25: 184.72839 | KV25: 16009071 | KW25: 99.969483 | KX25: 0 | KZ25: 788.0876 | LA25: 0 | LB25: 6572.7598 | LC25: 45.59415 | LD25: 3522.7538 | LF25: 5554815.5 | LG25: 3522.7538 | LH25: 326250.82 | LI25: 78.288783 | LJ25: 0 | LL25: 11610.657 | LM25: 0 | LN25: 6572.7598 | LO25: 40.414083 | LP25: 15.290361 | LR25: 527094.16 | LS25: 15.290361 | LT25: 550655.76 | LU25: 52.574083 | LV25: 249.67486 | LX25: 16896.943 | LY25: 249.67486 | LZ25: 37769.84 | MA25: 71.627983 | MB25: 7.696593 | MD25: 51192.52 | ME25: 7.696593 | MF25: 541495.3 | MG25: 63.226817 | MH25: 609.44299 | MJ25: 3515674.8 | MK25: 609.44299 | ML25: 477217.95 | MM25: 27.576217 | MN25: 1.2995862 | MP25: 51333.308 | MQ25: 1.2995862 | MR25: 326250.82 | MS25: 18.189983 | MT25: 294.82785 | MV25: 22411733 | MW25: 294.82785 | MX25: 4021810.7 | MY25: 47.170167 | MZ25: 494.89369 | NB25: 2569200.3 | NC25: 494.89369 | ND25: 5161048.1 | NE25: 12.83095 | NF25: 115.12204 | NH25: 1190488.7 | NI25: 115.12204 | NJ25: 4021810.7 | NK25: 86.306283 | NL25: 0 | NN25: 334.50124 | NO25: 0 | NP25: 6572.7598 | NQ25: 21.610083 | NR25: 0.401482 | NT25: 411367.86 | NU25: 0.401482 | NV25: 130028.96 | NW25: 46.01635 | NX25: 11.752848 | NZ25: 20662.871 | OA25: 11.752848 | OB25: 8836.8578 | OC25: 41.235467 | OD25: 6.3527827 | OF25: 16400.154 | OG25: 6.3527827 | OH25: 8836.8578 | OI25: 41.94975 | OJ25: 0 | OL25: 190.9418 | OM25: 0 | ON25: 56853732 | OO25: 58.494833 | OP25: 0.56322636 | OR25: 128959.49 | OS25: 0.56322636 | OT25: 6572.7598 | OU25: 98.008367 | OV25: 2.2374779 | OX25: 4039.4114 | OY25: 2.2374779 | OZ25: 6572.7598 | PA25: 58.494283 | PB25: 0.10666272 | PD25: 13610.821 | PE25: 0.10666272 | PF25: 465866.46 | PG25: 71.34595 | PH25: 1374.9998 | PJ25: 104366.13 | PK25: 1374.9998 | PL25: 8836.8578 | PM25: 74.323267 | PN25: 1933.0086 | PP25: 120967.38 | PQ25: 1933.0086 | PR25: 477217.95 | PS25: 60.8142 | PT25: 23.892411 | PV25: 3195489.6 | PW25: 23.892411 | PX25: 10674994 | PY25: 66.085217 | PZ25: 1720.2461 | QB25: 2.9886816e+08 | QC25: 1720.2461 | QD25: 48483827 | QE25: 49.070633 | QF25: 0.23478643 | QH25: 4069.5669 | QI25: 0.23478643 | QJ25: 21284.482 | QK25: 38.371883 | QL25: 76.57369 | QN25: 2527719.6 | QO25: 76.57369 | QP25: 10530.631 | QQ25: 47.113583 | QR25: 0 | QT25: 5282.7465 | QU25: 0 | QV25: 12810.458 | QW25: 95.7824 | QX25: 0 | QZ25: 5401.3932 | RA25: 0 | RB25: 6572.7598
